Workbook

Sheet Rekap
A1: REKAP BIAYA MEMBANGUN RUMAH
A2: Tipe 36/72 · 1 lantai · 2 kamar tidur · 1 kamar mandi · paket Menengah · DKI Jakarta · harga Sep 2026
B4: DIKERJAKAN SENDIRI (swakelola) | C4: PAKAI KONTRAKTOR (borongan)
A5: TOTAL BIAYA | B5: ='RAB Swakelola'!J78 -> 2.2567725e+08 | C5: ='RAB Borongan'!L78 -> 2.4478605e+08
A6: Per m² bangunan (item standar) | B6: =SUMIF('RAB Swakelola'!$M$6:$M$71,"Standar",'RAB Swakelola'!$J$6:$J$71)/Volume!$B$23 -> 4645936.1 | C6: =SUMIF('RAB Borongan'!$O$6:$O$71,"Standar",'RAB Borongan'!$L$6:$L$71)/Volume!$B$23 -> 5342826.5
A7: Perkiraan lama pengerjaan | B7: =SUMPRODUCT(MAX('Kurva-S'!$C$6:$C$18+'Kurva-S'!$D$6:$D$18))-1 -> 18 | C7: =B7 -> 18
A8: Yang Anda urus sendiri | B8: Beli bahan, cari & awasi tukang | C8: Hanya mengawasi hasil
A10: RINCIAN | B10: Swakelola | C10: Borongan | D10: Penjelasan
A11: 1. Bahan bangunan | B11: ='RAB Swakelola'!H73-'Perhitungan Bahan'!K77 -> 94881460 | C11: ='RAB Borongan'!I73-'Perhitungan Bahan'!K77 -> 94881460 | D11: Sama untuk kedua cara — rincian di Perhitungan Bahan
A12: 2. Pekerjaan terpasang dari toko/aplikator | B12: ='Perhitungan Bahan'!K77 -> 52305263 | C12: ='Perhitungan Bahan'!K77 -> 52305263 | D12: Baja ringan, kusen & jendela aluminium, septictank, kanopi, pagar
A13: 3. Upah tukang | B13: ='RAB Swakelola'!I73 -> 55534640 | C13: ='RAB Borongan'!J73 -> 55534640 | D13: Sama untuk kedua cara — rincian di Perhitungan Upah
A14: 4. Ongkos kirim bahan | B14: ='RAB Swakelola'!J74 -> 2439776.3 | C14: ='RAB Borongan'!L74 -> 0 | D14: Swakelola: estimasi 3% bahan non-curah. Borongan: termasuk margin
A15: 5. Margin kontraktor | B15: 0 | C15: ='RAB Borongan'!K73 -> 30408204 | D15: ="Overhead + keuntungan kontraktor "&TEXT(Parameter!$B$4,"0%")&" (tidak ada di swakelola)" -> Overhead + keuntungan kontraktor 15% (tidak ada di swakelola)
A16: 6. Dana cadangan | B16: ='RAB Swakelola'!J76 -> 20516114 | C16: ='RAB Borongan'!L76 -> 11656478 | D16: Swakelola 10%, borongan 5%
A17: 7. Pajak | B17: ='RAB Swakelola'!J77 -> 0 | C17: ='RAB Borongan'!L77 -> 0 | D17: Swakelola: PPN KMS bila ≥ 200 m². Borongan: PPN bila kontraktor PKP
A18: TOTAL | B18: =SUM(B11:B17) -> 2.2567725e+08 | C18: =SUM(C11:C17) -> 2.4478605e+08 | D18: =IF(AND(ABS(B18-B5)<1,ABS(C18-C5)<1),"✓ sama dengan total di sheet RAB","periksa RAB") -> ✓ sama dengan total di sheet RAB
A20: PER TAHAP PEKERJAAN | B20: Swakelola | C20: Borongan | D20: Porsi (borongan)
A21: I. PERSIAPAN | B21: ='RAB Swakelola'!J5 -> 4114860 | C21: ='RAB Borongan'!L5 -> 4732089 | D21: =C21/'RAB Borongan'!L73 -> 0.020298107
A22: II. TANAH & PONDASI | B22: ='RAB Swakelola'!J9 -> 17981172 | C22: ='RAB Borongan'!L9 -> 20678348 | D22: =C22/'RAB Borongan'!L73 -> 0.088698949
A23: III. STRUKTUR BETON | B23: ='RAB Swakelola'!J16 -> 15366023 | C23: ='RAB Borongan'!L16 -> 17670927 | D23: =C23/'RAB Borongan'!L73 -> 0.075798736
A24: IV. DINDING | B24: ='RAB Swakelola'!J22 -> 34497221 | C24: ='RAB Borongan'!L22 -> 39671804 | D24: =C24/'RAB Borongan'!L73 -> 0.17017062
A25: V. ATAP | B25: ='RAB Swakelola'!J25 -> 29084268 | C25: ='RAB Borongan'!L25 -> 33446908 | D25: =C25/'RAB Borongan'!L73 -> 0.14346918
A26: VI. PLAFON | B26: ='RAB Swakelola'!J30 -> 4064883.1 | C26: ='RAB Borongan'!L30 -> 4674615.6 | D26: =C26/'RAB Borongan'!L73 -> 0.020051578
A27: VII. LANTAI & KERAMIK | B27: ='RAB Swakelola'!J32 -> 13714771 | C27: ='RAB Borongan'!L32 -> 15771986 | D27: =C27/'RAB Borongan'!L73 -> 0.067653308
A28: VIII. PINTU & JENDELA | B28: ='RAB Swakelola'!J38 -> 18595820 | C28: ='RAB Borongan'!L38 -> 21385193 | D28: =C28/'RAB Borongan'!L73 -> 0.091730934
A29: IX. CAT | B29: ='RAB Swakelola'!J44 -> 10621921 | C29: ='RAB Borongan'!L44 -> 12215210 | D29: =C29/'RAB Borongan'!L73 -> 0.052396655
A30: X. SANITAIR & PLUMBING | B30: ='RAB Swakelola'!J47 -> 14641310 | C30: ='RAB Borongan'!L47 -> 16837506 | D30: =C30/'RAB Borongan'!L73 -> 0.072223813
A31: XI. LISTRIK | B31: ='RAB Swakelola'!J59 -> 8847670 | C31: ='RAB Borongan'!L59 -> 10174820 | D31: =C31/'RAB Borongan'!L73 -> 0.043644488
A32: XII. DAPUR | B32: ='RAB Swakelola'!J63 -> 4492700 | C32: ='RAB Borongan'!L63 -> 5166605 | D32: =C32/'RAB Borongan'!L73 -> 0.022161947
A33: XIII. CARPORT, KANOPI & PAGAR | B33: ='RAB Swakelola'!J65 -> 26698744 | C33: ='RAB Borongan'!L65 -> 30703556 | D33: =C33/'RAB Borongan'!L73 -> 0.13170168
A34: (sebelum ongkos kirim, cadangan & pajak)
A36: HARGA PER m² (pekerjaan standar) | B36: Swakelola | C36: Borongan | D36: Status (paket dipilih di Parameter)
A37: Per m² pekerjaan standar | B37: ='Kontrol Harga'!B13 -> 4645936.1 | C37: ='Kontrol Harga'!B12 -> 5342826.5 | D37: ='Kontrol Harga'!D12 -> Dalam rentang pasar
A38: Rentang wajar pasar | B38: ='Kontrol Harga'!C13 -> 4,347,826 – 6,086,957 | C38: ='Kontrol Harga'!C12 -> 5,000,000 – 7,000,000 | D38: ='Kontrol Harga'!D13 -> Dalam rentang pasar
A39: Upah per m² (setara borongan jasa) | B39: ='Kontrol Harga'!B14 -> 1678954.1 | C39: ='Kontrol Harga'!C14 -> 1,000,000 – 1,800,000 | D39: ='Kontrol Harga'!D14 -> Dalam rentang pasar
A40: Hanya pekerjaan bangunan utama — tanpa toren, pompa, shower set, dapur, carport, kanopi, pagar, ongkos kirim, cadangan & pajak. Rincian di sheet Kontrol Harga.
A42: CATATAN
A43: • Bahan dan upah dihitung sama untuk swakelola dan borongan; bedanya hanya margin kontraktor, ongkos kirim, dana cadangan, dan pajak.
A44: • Swakelola lebih murah, tetapi Anda yang membeli bahan, mencari tukang, dan mengawasi pekerjaan setiap hari.
A45: • Ubah harga bahan di Perhitungan Bahan dan upah harian di Perhitungan Upah — semua sheet ikut berubah.
A46: • Sumber data: survei toko online, Standar Harga Satuan pemerintah daerah, IHPB & IKK BPS, arsip penawaran kontraktor, dan Indeks Biaya Bangun (bangun.com) — dipakai dengan menyebut sumber sesuai ketentuan bangun.com.
A48: CARA MEMBACA WARNA
A49: Rp 100.000 | B49: Sel kuning, teks biru = boleh diubah (harga, upah, volume, koefisien)
A50: Rp 100.000 | B50: Teks hijau = diambil otomatis dari sheet lain
A51: Estimasi | B51: Harga belum bersumber — perkiraan
A52: Rp 100.000 | B52: Teks hitam = hasil rumus

Sheet RAB Swakelola
A1: RAB SWAKELOLA — Tipe 36/72, 1 lantai, paket Menengah, DKI Jakarta (Sep 2026)
A2: Dikerjakan sendiri: bahan + upah (dari AHSP), tanpa margin kontraktor.
A4: No | B4: Pekerjaan | C4: Volume | D4: Sat | E4: Bahan / sat | F4: Upah / sat | G4: Harga satuan | H4: Jumlah bahan | I4: Jumlah upah | J4: JUMLAH HARGA | K4: Keterangan | L4: Referensi | M4: Tipe item
A5: I | B5: PERSIAPAN | H5: =SUM(H6:H8) -> 1608000 | I5: =SUM(I6:I8) -> 2506860 | J5: =SUM(J6:J8) -> 4114860
A6: I.1 | B6: Bouwplank & pengukuran | C6: =AHSP!$K$5 -> 36 | D6: m² | E6: =AHSP!$G$12 -> 3000 | F6: =AHSP!$G$9 -> 15260 | G6: =SUM(E6:F6) -> 18260 | H6: =C6*E6 -> 108000 | I6: =C6*F6 -> 549360 | J6: =C6*G6 -> 657360 | L6: Harga acuan | M6: Standar
A7: I.2 | B7: Pembersihan lahan | C7: =AHSP!$K$17 -> 1 | D7: ls | E7: =AHSP!$G$22 -> 0 | F7: =AHSP!$G$20 -> 1957500 | G7: =SUM(E7:F7) -> 1957500 | H7: =C7*E7 -> 0 | I7: =C7*F7 -> 1957500 | J7: =C7*G7 -> 1957500 | L7: Estimasi | M7: Standar
A8: I.3 | B8: Air & listrik kerja | C8: =AHSP!$K$27 -> 1 | D8: ls | E8: =AHSP!$G$32 -> 1500000 | F8: =AHSP!$G$29 -> 0 | G8: =SUM(E8:F8) -> 1500000 | H8: =C8*E8 -> 1500000 | I8: =C8*F8 -> 0 | J8: =C8*G8 -> 1500000 | L8: Estimasi | M8: Standar
A9: II | B9: TANAH & PONDASI | H9: =SUM(H10:H15) -> 12412117 | I9: =SUM(I10:I15) -> 5569054.4 | J9: =SUM(J10:J15) -> 17981172
A10: II.1 | B10: Galian tanah pondasi | C10: =AHSP!$K$37 -> 24.84 | D10: m³ | E10: =AHSP!$G$43 -> 0 | F10: =AHSP!$G$41 -> 88056.54 | G10: =SUM(E10:F10) -> 88056.54 | H10: =C10*E10 -> 0 | I10: =C10*F10 -> 2187324.5 | J10: =C10*G10 -> 2187324.5 | L10: Harga acuan | M10: Standar
A11: II.2 | B11: Urugan pasir bawah pondasi | C11: =AHSP!$K$48 -> 1.5525 | D11: m³ | E11: =AHSP!$G$55 -> 250800 | F11: =AHSP!$G$52 -> 35218.05 | G11: =SUM(E11:F11) -> 286018.05 | H11: =C11*E11 -> 389367 | I11: =C11*F11 -> 54676.023 | J11: =C11*G11 -> 444043.02 | L11: Harga acuan | M11: Standar
A12: II.3 | B12: Pasangan batu kali 1:4 | C12: =AHSP!$K$60 -> 10.35 | D12: m³ | E12: =AHSP!$G$71 -> 850255.65 | F12: =AHSP!$G$66 -> 215559 | G12: =SUM(E12:F12) -> 1065814.6 | H12: =C12*E12 -> 8800146 | I12: =C12*F12 -> 2231035.6 | J12: =C12*G12 -> 11031182 | L12: Harga acuan | M12: Standar
A13: II.4 | B13: Urugan tanah kembali | C13: =AHSP!$K$76 -> 12.9375 | D13: m³ | E13: =AHSP!$G$82 -> 0 | F13: =AHSP!$G$80 -> 53399.67 | G13: =SUM(E13:F13) -> 53399.67 | H13: =C13*E13 -> 0 | I13: =C13*F13 -> 690858.23 | J13: =C13*G13 -> 690858.23 | L13: Harga acuan | M13: Standar
A14: II.5 | B14: Urugan pasir bawah lantai | C14: =AHSP!$K$87 -> 4.05 | D14: m³ | E14: =AHSP!$G$94 -> 250800 | F14: =AHSP!$G$91 -> 35218.05 | G14: =SUM(E14:F14) -> 286018.05 | H14: =C14*E14 -> 1015740 | I14: =C14*F14 -> 142633.1 | J14: =C14*G14 -> 1158373.1 | L14: Harga acuan | M14: Standar
A15: II.6 | B15: Rabat beton lantai kerja K-175 | C15: =AHSP!$K$99 -> 2.025 | D15: m³ | E15: =AHSP!$G$110 -> 1089809.6 | F15: =AHSP!$G$105 -> 129642.95 | G15: =SUM(E15:F15) -> 1219452.5 | H15: =C15*E15 -> 2206864.4 | I15: =C15*F15 -> 262526.97 | J15: =C15*G15 -> 2469391.3 | L15: Harga acuan | M15: Standar
A16: III | B16: STRUKTUR BETON | H16: =SUM(H17:H21) -> 10978233 | I16: =SUM(I17:I21) -> 4387790.1 | J16: =SUM(J17:J21) -> 15366023
A17: III.1 | B17: Sloof 15×20 (4D10, Ø6-15) | C17: =AHSP!$K$115 -> 1.035 | D17: m³ | E17: =AHSP!$G$135 -> 3356449.5 | F17: =AHSP!$G$123 -> 1341762 | G17: =SUM(E17:F17) -> 4698211.5 | H17: =C17*E17 -> 3473925.2 | I17: =C17*F17 -> 1388723.6 | J17: =C17*G17 -> 4862648.9 | L17: Harga acuan | M17: Standar
A18: III.2 | B18: Kolom 15×15 (4D10, Ø6-15) | C18: =AHSP!$K$140 -> 0.864 | D18: m³ | E18: =AHSP!$G$160 -> 3761682.2 | F18: =AHSP!$G$148 -> 1415137.4 | G18: =SUM(E18:F18) -> 5176819.6 | H18: =C18*E18 -> 3250093.4 | I18: =C18*F18 -> 1222678.7 | J18: =C18*G18 -> 4472772.2 | L18: Harga acuan | M18: Standar
A19: III.3 | B19: Ring balok 12×15 (4D10, Ø6-15) | C19: =AHSP!$K$165 -> 0.621 | D19: m³ | E19: =AHSP!$G$185 -> 4370248.4 | F19: =AHSP!$G$173 -> 1730071.4 | G19: =SUM(E19:F19) -> 6100319.8 | H19: =C19*E19 -> 2713924.3 | I19: =C19*F19 -> 1074374.3 | J19: =C19*G19 -> 3788298.6 | L19: Harga acuan | M19: Standar
A20: III.4 | B20: Balok latei 12×12 (4D8, Ø6-15) | C20: =AHSP!$K$190 -> 0.16272 | D20: m³ | E20: =AHSP!$G$210 -> 4525388.9 | F20: =AHSP!$G$198 -> 2262695.3 | G20: =SUM(E20:F20) -> 6788084.2 | H20: =C20*E20 -> 736371.29 | I20: =C20*F20 -> 368185.78 | J20: =C20*G20 -> 1104557.1 | L20: Harga acuan | M20: Standar
A21: III.5 | B21: Bingkai ampig 12×12 (4D8, Ø6-15) | C21: =AHSP!$K$215 -> 0.19953225 | D21: m³ | E21: =AHSP!$G$235 -> 4029016.5 | F21: =AHSP!$G$223 -> 1673050.9 | G21: =SUM(E21:F21) -> 5702067.5 | H21: =C21*E21 -> 803918.75 | I21: =C21*F21 -> 333827.63 | J21: =C21*G21 -> 1137746.4 | L21: Harga acuan | M21: Standar
A22: IV | B22: DINDING | H22: =SUM(H23:H24) -> 15971058 | I22: =SUM(I23:I24) -> 18526162 | J22: =SUM(J23:J24) -> 34497221
A23: IV.1 | B23: Pasangan bata ringan 10 cm | C23: =AHSP!$K$240 -> 106.5023 | D23: m² | E23: =AHSP!$G$250 -> 105276.86 | F23: =AHSP!$G$246 -> 37256.1 | G23: =SUM(E23:F23) -> 142532.96 | H23: =C23*E23 -> 11212229 | I23: =C23*F23 -> 3967860.5 | J23: =C23*G23 -> 15180089 | L23: Harga acuan | M23: Standar
A24: IV.2 | B24: Plesteran + acian | C24: =AHSP!$K$255 -> 202.6123 | D24: m² | E24: =AHSP!$G$265 -> 23487.368 | F24: =AHSP!$G$261 -> 71853 | G24: =SUM(E24:F24) -> 95340.367 | H24: =C24*E24 -> 4758829.7 | I24: =C24*F24 -> 14558302 | J24: =C24*G24 -> 19317132 | L24: Harga acuan | M24: Standar
A25: V | B25: ATAP | H25: =SUM(H26:H29) -> 22784787 | I25: =SUM(I26:I29) -> 6299480.7 | J25: =SUM(J26:J29) -> 29084268
A26: V.1 | B26: Rangka atap baja ringan | C26: =AHSP!$K$270 -> 59.859676 | D26: m² | E26: =AHSP!$G$274 -> 201600 | F26: =AHSP!$G$271 -> 0 | G26: =SUM(E26:F26) -> 201600 | H26: =C26*E26 -> 12067711 | I26: =C26*F26 -> 0 | J26: =C26*G26 -> 12067711 | K26: Terpasang (termasuk jasa pasang) | L26: Harga acuan | M26: Standar
A27: V.2 | B27: Genteng beton | C27: =AHSP!$K$279 -> 59.859676 | D27: m² | E27: =AHSP!$G$286 -> 128235 | F27: =AHSP!$G$283 -> 100505 | G27: =SUM(E27:F27) -> 228740 | H27: =C27*E27 -> 7676105.5 | I27: =C27*F27 -> 6016196.7 | J27: =C27*G27 -> 13692302 | L27: Harga acuan | M27: Standar
A28: V.3 | B28: Nok / bubungan | C28: =AHSP!$K$291 -> 7.2 | D28: m' | E28: =AHSP!$G$300 -> 34510.95 | F28: =AHSP!$G$295 -> 39345 | G28: =SUM(E28:F28) -> 73855.95 | H28: =C28*E28 -> 248478.84 | I28: =C28*F28 -> 283284 | J28: =C28*G28 -> 531762.84 | L28: Harga acuan | M28: Standar
A29: V.4 | B29: Lisplang GRC 20 cm | C29: =AHSP!$K$305 -> 31.027688 | D29: m' | E29: =AHSP!$G$309 -> 90000 | F29: =AHSP!$G$306 -> 0 | G29: =SUM(E29:F29) -> 90000 | H29: =C29*E29 -> 2792491.9 | I29: =C29*F29 -> 0 | J29: =C29*G29 -> 2792491.9 | K29: Terpasang (termasuk jasa pasang) | L29: Estimasi | M29: Standar
A30: VI | B30: PLAFON | H30: =SUM(H31:H31) -> 2121288.1 | I30: =SUM(I31:I31) -> 1943595 | J30: =SUM(J31:J31) -> 4064883.1
A31: VI.1 | B31: Plafon gypsum 9 mm + rangka hollow | C31: =AHSP!$K$314 -> 40.5 | D31: m² | E31: =AHSP!$G$323 -> 52377.485 | F31: =AHSP!$G$318 -> 47990 | G31: =SUM(E31:F31) -> 100367.49 | H31: =C31*E31 -> 2121288.1 | I31: =C31*F31 -> 1943595 | J31: =C31*G31 -> 4064883.1 | L31: Harga acuan | M31: Standar
A32: VII | B32: LANTAI & KERAMIK | H32: =SUM(H33:H37) -> 8799479.4 | I32: =SUM(I33:I37) -> 4915291.5 | J32: =SUM(J33:J37) -> 13714771
A33: VII.1 | B33: Granit HT 60×60 | C33: =AHSP!$K$328 -> 29.55 | D33: m² | E33: =AHSP!$G$338 -> 177837.4 | F33: =AHSP!$G$332 -> 74775 | G33: =SUM(E33:F33) -> 252612.4 | H33: =C33*E33 -> 5255095.2 | I33: =C33*F33 -> 2209601.2 | J33: =C33*G33 -> 7464696.4 | L33: Harga acuan | M33: Standar
A34: VII.2 | B34: Plint granit (potongan 10 cm) | C34: =AHSP!$K$343 -> 61 | D34: m' | E34: =AHSP!$G$352 -> 16622.5 | F34: =AHSP!$G$347 -> 19896.5 | G34: =SUM(E34:F34) -> 36519 | H34: =C34*E34 -> 1013972.5 | I34: =C34*F34 -> 1213686.5 | J34: =C34*G34 -> 2227659 | L34: Harga acuan | M34: Standar
A35: VII.3 | B35: Keramik lantai KM anti-slip | C35: =AHSP!$K$357 -> 3 | D35: m² | E35: =AHSP!$G$367 -> 139649.9 | F35: =AHSP!$G$361 -> 65153 | G35: =SUM(E35:F35) -> 204802.9 | H35: =C35*E35 -> 418949.7 | I35: =C35*F35 -> 195459 | J35: =C35*G35 -> 614408.7 | L35: Harga acuan | M35: Standar
A36: VII.4 | B36: Keramik dinding KM | C36: =AHSP!$K$372 -> 15.4 | D36: m² | E36: =AHSP!$G$382 -> 105724.84 | F36: =AHSP!$G$376 -> 65153 | G36: =SUM(E36:F36) -> 170877.83 | H36: =C36*E36 -> 1628162.5 | I36: =C36*F36 -> 1003356.2 | J36: =C36*G36 -> 2631518.7 | L36: Harga acuan | M36: Standar
A37: VII.5 | B37: Keramik teras 40×40 | C37: =AHSP!$K$387 -> 4.5 | D37: m² | E37: =AHSP!$G$397 -> 107399.9 | F37: =AHSP!$G$391 -> 65153 | G37: =SUM(E37:F37) -> 172552.9 | H37: =C37*E37 -> 483299.55 | I37: =C37*F37 -> 293188.5 | J37: =C37*G37 -> 776488.05 | L37: Harga acuan | M37: Standar
A38: VIII | B38: PINTU & JENDELA | H38: =SUM(H39:H43) -> 17740420 | I38: =SUM(I39:I43) -> 855400 | J38: =SUM(J39:J43) -> 18595820
A39: VIII.1 | B39: Pintu utama aluminium + kusen + kunci | C39: =AHSP!$K$402 -> 1 | D39: unit | E39: =AHSP!$G$406 -> 2796200 | F39: =AHSP!$G$403 -> 0 | G39: =SUM(E39:F39) -> 2796200 | H39: =C39*E39 -> 2796200 | I39: =C39*F39 -> 0 | J39: =C39*G39 -> 2796200 | K39: Terpasang (termasuk jasa pasang) | L39: Harga acuan | M39: Standar
A40: VIII.2 | B40: Pintu kamar HPL + kusen aluminium (2 kamar + belakang) | C40: =AHSP!$K$411 -> 3 | D40: unit | E40: =AHSP!$G$420 -> 1631200 | F40: =AHSP!$G$415 -> 213850 | G40: =SUM(E40:F40) -> 1845050 | H40: =C40*E40 -> 4893600 | I40: =C40*F40 -> 641550 | J40: =C40*G40 -> 5535150 | L40: Harga acuan | M40: Standar
A41: VIII.3 | B41: Pintu KM PVC | C41: =AHSP!$K$425 -> 1 | D41: unit | E41: =AHSP!$G$432 -> 949900 | F41: =AHSP!$G$429 -> 213850 | G41: =SUM(E41:F41) -> 1163750 | H41: =C41*E41 -> 949900 | I41: =C41*F41 -> 213850 | J41: =C41*G41 -> 1163750 | L41: Harga acuan | M41: Standar
A42: VIII.4 | B42: Jendela aluminium + kaca | C42: =AHSP!$K$437 -> 5.76 | D42: m² | E42: =AHSP!$G$441 -> 1547000 | F42: =AHSP!$G$438 -> 0 | G42: =SUM(E42:F42) -> 1547000 | H42: =C42*E42 -> 8910720 | I42: =C42*F42 -> 0 | J42: =C42*G42 -> 8910720 | K42: Terpasang (termasuk jasa pasang) | L42: Harga acuan | M42: Standar
A43: VIII.5 | B43: Bovenlight KM kaca mati | C43: =AHSP!$K$446 -> 0.2 | D43: m² | E43: =AHSP!$G$450 -> 950000 | F43: =AHSP!$G$447 -> 0 | G43: =SUM(E43:F43) -> 950000 | H43: =C43*E43 -> 190000 | I43: =C43*F43 -> 0 | J43: =C43*G43 -> 190000 | K43: Terpasang (termasuk jasa pasang) | L43: Estimasi | M43: Standar
A44: IX | B44: CAT | H44: =SUM(H45:H46) -> 7016852.7 | I44: =SUM(I45:I46) -> 3605068.6 | J44: =SUM(J45:J46) -> 10621921
A45: IX.1 | B45: Cat interior Catylac (dinding + plafon) | C45: =AHSP!$K$455 -> 165.923 | D45: m² | E45: =AHSP!$G$466 -> 19580.4 | F45: =AHSP!$G$461 -> 14828.82 | G45: =SUM(E45:F45) -> 34409.22 | H45: =C45*E45 -> 3248838.7 | I45: =C45*F45 -> 2460442.3 | J45: =C45*G45 -> 5709281 | L45: Harga acuan | M45: Standar
A46: IX.2 | B46: Cat eksterior Weathershield | C46: =AHSP!$K$471 -> 77.189305 | D46: m² | E46: =AHSP!$G$481 -> 48815.234 | F46: =AHSP!$G$477 -> 14828.82 | G46: =SUM(E46:F46) -> 63644.054 | H46: =C46*E46 -> 3768014 | I46: =C46*F46 -> 1144626.3 | J46: =C46*G46 -> 4912640.3 | L46: Harga acuan | M46: Standar
A47: X | B47: SANITAIR & PLUMBING | H47: =SUM(H48:H58) -> 12350150 | I47: =SUM(I48:I58) -> 2291159.7 | J47: =SUM(J48:J58) -> 14641310
A48: X.1 | B48: Kloset duduk + jet shower | C48: =AHSP!$K$486 -> 1 | D48: unit | E48: =AHSP!$G$494 -> 2132500 | F48: =AHSP!$G$490 -> 249650 | G48: =SUM(E48:F48) -> 2382150 | H48: =C48*E48 -> 2132500 | I48: =C48*F48 -> 249650 | J48: =C48*G48 -> 2382150 | L48: Harga acuan | M48: Standar
A49: X.2 | B49: Shower set | C49: =AHSP!$K$499 -> 1 | D49: set | E49: =AHSP!$G$505 -> 425000 | F49: =AHSP!$G$502 -> 55320 | G49: =SUM(E49:F49) -> 480320 | H49: =C49*E49 -> 425000 | I49: =C49*F49 -> 55320 | J49: =C49*G49 -> 480320 | L49: Harga acuan | M49: Tambahan
A50: X.3 | B50: Wastafel + kran | C50: =AHSP!$K$510 -> 1 | D50: unit | E50: =AHSP!$G$516 -> 800000 | F50: =AHSP!$G$513 -> 92200 | G50: =SUM(E50:F50) -> 892200 | H50: =C50*E50 -> 800000 | I50: =C50*F50 -> 92200 | J50: =C50*G50 -> 892200 | L50: Harga acuan | M50: Standar
A51: X.4 | B51: Floor drain | C51: =AHSP!$K$521 -> 2 | D51: buah | E51: =AHSP!$G$527 -> 80000 | F51: =AHSP!$G$524 -> 36880 | G51: =SUM(E51:F51) -> 116880 | H51: =C51*E51 -> 160000 | I51: =C51*F51 -> 73760 | J51: =C51*G51 -> 233760 | L51: Harga acuan | M51: Standar
A52: X.5 | B52: Kran air | C52: =AHSP!$K$532 -> 4 | D52: buah | E52: =AHSP!$G$538 -> 110000 | F52: =AHSP!$G$535 -> 55320 | G52: =SUM(E52:F52) -> 165320 | H52: =C52*E52 -> 440000 | I52: =C52*F52 -> 221280 | J52: =C52*G52 -> 661280 | L52: Harga acuan | M52: Standar
A53: X.6 | B53: Pipa PVC AW ½" air bersih | C53: =AHSP!$K$543 -> 25 | D53: m' | E53: =AHSP!$G$553 -> 17950 | F53: =AHSP!$G$549 -> 17366.34 | G53: =SUM(E53:F53) -> 35316.34 | H53: =C53*E53 -> 448750 | I53: =C53*F53 -> 434158.5 | J53: =C53*G53 -> 882908.5 | L53: Harga acuan | M53: Standar
A54: X.7 | B54: Pipa PVC D 3" air bekas | C54: =AHSP!$K$558 -> 10 | D54: m' | E54: =AHSP!$G$568 -> 51500 | F54: =AHSP!$G$564 -> 26049.51 | G54: =SUM(E54:F54) -> 77549.51 | H54: =C54*E54 -> 515000 | I54: =C54*F54 -> 260495.1 | J54: =C54*G54 -> 775495.1 | L54: Harga acuan | M54: Standar
A55: X.8 | B55: Pipa PVC D 4" air kotor | C55: =AHSP!$K$573 -> 8 | D55: m' | E55: =AHSP!$G$583 -> 70750 | F55: =AHSP!$G$579 -> 26049.51 | G55: =SUM(E55:F55) -> 96799.51 | H55: =C55*E55 -> 566000 | I55: =C55*F55 -> 208396.08 | J55: =C55*G55 -> 774396.08 | L55: Harga acuan | M55: Standar
A56: X.9 | B56: Toren 1.000 L | C56: =AHSP!$K$588 -> 1 | D56: unit | E56: =AHSP!$G$595 -> 2300000 | F56: =AHSP!$G$592 -> 564550 | G56: =SUM(E56:F56) -> 2864550 | H56: =C56*E56 -> 2300000 | I56: =C56*F56 -> 564550 | J56: =C56*G56 -> 2864550 | L56: Harga acuan | M56: Tambahan
A57: X.10 | B57: Pompa air 125 W | C57: =AHSP!$K$600 -> 1 | D57: unit | E57: =AHSP!$G$607 -> 800000 | F57: =AHSP!$G$604 -> 131350 | G57: =SUM(E57:F57) -> 931350 | H57: =C57*E57 -> 800000 | I57: =C57*F57 -> 131350 | J57: =C57*G57 -> 931350 | L57: Harga acuan | M57: Tambahan
A58: X.11 | B58: Septictank biofil 1.000 L | C58: =AHSP!$K$612 -> 1 | D58: unit | E58: =AHSP!$G$616 -> 3762900 | F58: =AHSP!$G$613 -> 0 | G58: =SUM(E58:F58) -> 3762900 | H58: =C58*E58 -> 3762900 | I58: =C58*F58 -> 0 | J58: =C58*G58 -> 3762900 | K58: Terpasang (termasuk jasa pasang) | L58: Harga acuan | M58: Standar
A59: XI | B59: LISTRIK | H59: =SUM(H60:H62) -> 6437750 | I59: =SUM(I60:I62) -> 2409920 | J59: =SUM(J60:J62) -> 8847670
A60: XI.1 | B60: Titik lampu + downlight | C60: =AHSP!$K$621 -> 10 | D60: titik | E60: =AHSP!$G$630 -> 226400 | F60: =AHSP!$G$625 -> 96605 | G60: =SUM(E60:F60) -> 323005 | H60: =C60*E60 -> 2264000 | I60: =C60*F60 -> 966050 | J60: =C60*G60 -> 3230050 | L60: Harga acuan | M60: Standar
A61: XI.2 | B61: Titik saklar / stop kontak | C61: =AHSP!$K$635 -> 14 | D61: titik | E61: =AHSP!$G$645 -> 248125 | F61: =AHSP!$G$639 -> 96605 | G61: =SUM(E61:F61) -> 344730 | H61: =C61*E61 -> 3473750 | I61: =C61*F61 -> 1352470 | J61: =C61*G61 -> 4826220 | L61: Harga acuan | M61: Standar
A62: XI.3 | B62: Box MCB 6 grup + MCB | C62: =AHSP!$K$650 -> 1 | D62: set | E62: =AHSP!$G$656 -> 700000 | F62: =AHSP!$G$653 -> 91400 | G62: =SUM(E62:F62) -> 791400 | H62: =C62*E62 -> 700000 | I62: =C62*F62 -> 91400 | J62: =C62*G62 -> 791400 | L62: Harga acuan | M62: Standar
A63: XII | B63: DAPUR | H63: =SUM(H64:H64) -> 3400000 | I63: =SUM(I64:I64) -> 1092700 | J63: =SUM(J64:J64) -> 4492700
A64: XII.1 | B64: Meja dapur beton + sink + kran | C64: =AHSP!$K$661 -> 1 | D64: ls | E64: =AHSP!$G$669 -> 3400000 | F64: =AHSP!$G$665 -> 1092700 | G64: =SUM(E64:F64) -> 4492700 | H64: =C64*E64 -> 3400000 | I64: =C64*F64 -> 1092700 | J64: =C64*G64 -> 4492700 | L64: Estimasi | M64: Tambahan
A65: XIII | B65: CARPORT, KANOPI & PAGAR | H65: =SUM(H66:H71) -> 25566587 | I65: =SUM(I66:I71) -> 1132157.2 | J65: =SUM(J66:J71) -> 26698744
A66: XIII.1 | B66: Carport beton bertulang 12 cm (D8-200) | C66: =AHSP!$K$674 -> 15 | D66: m² | E66: =AHSP!$G$689 -> 192118.1 | F66: =AHSP!$G$681 -> 24928.41 | G66: =SUM(E66:F66) -> 217046.51 | H66: =C66*E66 -> 2881771.5 | I66: =C66*F66 -> 373926.15 | J66: =C66*G66 -> 3255697.7 | L66: Harga acuan | M66: Tambahan
A67: XIII.2 | B67: Kanopi baja ringan + Alderon | C67: =AHSP!$K$694 -> 15 | D67: m² | E67: =AHSP!$G$698 -> 600000 | F67: =AHSP!$G$695 -> 0 | G67: =SUM(E67:F67) -> 600000 | H67: =C67*E67 -> 9000000 | I67: =C67*F67 -> 0 | J67: =C67*G67 -> 9000000 | K67: Terpasang (termasuk jasa pasang) | L67: Harga acuan | M67: Tambahan
A68: XIII.3 | B68: Tembok pagar bawah (bata ringan, plester 2 sisi, cat) | C68: =AHSP!$K$703 -> 3.6 | D68: m² | E68: =AHSP!$G$718 -> 249882.07 | F68: =AHSP!$G$710 -> 210619.74 | G68: =SUM(E68:F68) -> 460501.81 | H68: =C68*E68 -> 899575.44 | I68: =C68*F68 -> 758231.06 | J68: =C68*G68 -> 1657806.5 | L68: Harga acuan | M68: Tambahan
A69: XIII.4 | B69: Pagar besi hollow | C69: =AHSP!$K$723 -> 3.6 | D69: m² | E69: =AHSP!$G$727 -> 895900 | F69: =AHSP!$G$724 -> 0 | G69: =SUM(E69:F69) -> 895900 | H69: =C69*E69 -> 3225240 | I69: =C69*F69 -> 0 | J69: =C69*G69 -> 3225240 | K69: Terpasang (termasuk jasa pasang) | L69: Harga acuan | M69: Tambahan
A70: XIII.5 | B70: Pintu pagar geser | C70: =AHSP!$K$732 -> 5.4 | D70: m² | E70: =AHSP!$G$736 -> 1650000 | F70: =AHSP!$G$733 -> 0 | G70: =SUM(E70:F70) -> 1650000 | H70: =C70*E70 -> 8910000 | I70: =C70*F70 -> 0 | J70: =C70*G70 -> 8910000 | K70: Terpasang (termasuk jasa pasang) | L70: Estimasi | M70: Tambahan
A71: XIII.6 | B71: Rel + roda pintu pagar | C71: =AHSP!$K$741 -> 1 | D71: set | E71: =AHSP!$G$745 -> 650000 | F71: =AHSP!$G$742 -> 0 | G71: =SUM(E71:F71) -> 650000 | H71: =C71*E71 -> 650000 | I71: =C71*F71 -> 0 | J71: =C71*G71 -> 650000 | K71: Terpasang (termasuk jasa pasang) | L71: Estimasi | M71: Tambahan
B73: JUMLAH PEKERJAAN | H73: =H5+H9+H16+H22+H25+H30+H32+H38+H44+H47+H59+H63+H65 -> 1.4718672e+08 | I73: =I5+I9+I16+I22+I25+I30+I32+I38+I44+I47+I59+I63+I65 -> 55534640 | J73: =J5+J9+J16+J22+J25+J30+J32+J38+J44+J47+J59+J63+J65 -> 2.0272136e+08
B74: Ongkos kirim & bongkar bahan (estimasi) | J74: =Parameter!$B$7*('Perhitungan Bahan'!K62-'Perhitungan Bahan'!K63) -> 2439776.3
B75: SUBTOTAL | J75: =J73+J74 -> 2.0516114e+08
B76: Dana cadangan (10%) | J76: =J75*Parameter!$B$5 -> 20516114
B77: PPN membangun sendiri 2,2% (hanya bila luas ≥ 200 m²) | J77: =IF(Volume!$B$23>=200,(J75+J76)*Parameter!$B$10,0) -> 0
B78: TOTAL | J78: =J75+J76+J77 -> 2.2567725e+08
B79: Dibulatkan | J79: =ROUND(J78,-5) -> 225700000

Sheet RAB Borongan
A1: RAB BORONGAN — Tipe 36/72, 1 lantai, paket Menengah, DKI Jakarta (Sep 2026)
A2: Dikerjakan kontraktor: bahan + upah (dari AHSP) + margin kontraktor.
A4: No | B4: Pekerjaan | C4: Volume | D4: Sat | E4: Bahan / sat | F4: Upah / sat | G4: Margin / sat | H4: Harga satuan | I4: Jumlah bahan | J4: Jumlah upah | K4: Jumlah margin | L4: JUMLAH HARGA | M4: Keterangan | N4: Referensi | O4: Tipe item
A5: I | B5: PERSIAPAN | I5: =SUM(I6:I8) -> 1608000 | J5: =SUM(J6:J8) -> 2506860 | K5: =SUM(K6:K8) -> 617229 | L5: =SUM(L6:L8) -> 4732089
A6: I.1 | B6: Bouwplank & pengukuran | C6: =AHSP!$K$5 -> 36 | D6: m² | E6: =AHSP!$G$12 -> 3000 | F6: =AHSP!$G$9 -> 15260 | G6: =AHSP!$G$14 -> 2739 | H6: =SUM(E6:G6) -> 20999 | I6: =C6*E6 -> 108000 | J6: =C6*F6 -> 549360 | K6: =C6*G6 -> 98604 | L6: =C6*H6 -> 755964 | N6: Harga acuan | O6: Standar
A7: I.2 | B7: Pembersihan lahan | C7: =AHSP!$K$17 -> 1 | D7: ls | E7: =AHSP!$G$22 -> 0 | F7: =AHSP!$G$20 -> 1957500 | G7: =AHSP!$G$24 -> 293625 | H7: =SUM(E7:G7) -> 2251125 | I7: =C7*E7 -> 0 | J7: =C7*F7 -> 1957500 | K7: =C7*G7 -> 293625 | L7: =C7*H7 -> 2251125 | N7: Estimasi | O7: Standar
A8: I.3 | B8: Air & listrik kerja | C8: =AHSP!$K$27 -> 1 | D8: ls | E8: =AHSP!$G$32 -> 1500000 | F8: =AHSP!$G$29 -> 0 | G8: =AHSP!$G$34 -> 225000 | H8: =SUM(E8:G8) -> 1725000 | I8: =C8*E8 -> 1500000 | J8: =C8*F8 -> 0 | K8: =C8*G8 -> 225000 | L8: =C8*H8 -> 1725000 | N8: Estimasi | O8: Standar
A9: II | B9: TANAH & PONDASI | I9: =SUM(I10:I15) -> 12412117 | J9: =SUM(J10:J15) -> 5569054.4 | K9: =SUM(K10:K15) -> 2697175.8 | L9: =SUM(L10:L15) -> 20678348
A10: II.1 | B10: Galian tanah pondasi | C10: =AHSP!$K$37 -> 24.84 | D10: m³ | E10: =AHSP!$G$43 -> 0 | F10: =AHSP!$G$41 -> 88056.54 | G10: =AHSP!$G$45 -> 13208.481 | H10: =SUM(E10:G10) -> 101265.02 | I10: =C10*E10 -> 0 | J10: =C10*F10 -> 2187324.5 | K10: =C10*G10 -> 328098.67 | L10: =C10*H10 -> 2515423.1 | N10: Harga acuan | O10: Standar
A11: II.2 | B11: Urugan pasir bawah pondasi | C11: =AHSP!$K$48 -> 1.5525 | D11: m³ | E11: =AHSP!$G$55 -> 250800 | F11: =AHSP!$G$52 -> 35218.05 | G11: =AHSP!$G$57 -> 42902.707 | H11: =SUM(E11:G11) -> 328920.76 | I11: =C11*E11 -> 389367 | J11: =C11*F11 -> 54676.023 | K11: =C11*G11 -> 66606.453 | L11: =C11*H11 -> 510649.48 | N11: Harga acuan | O11: Standar
A12: II.3 | B12: Pasangan batu kali 1:4 | C12: =AHSP!$K$60 -> 10.35 | D12: m³ | E12: =AHSP!$G$71 -> 850255.65 | F12: =AHSP!$G$66 -> 215559 | G12: =AHSP!$G$73 -> 159872.2 | H12: =SUM(E12:G12) -> 1225686.8 | I12: =C12*E12 -> 8800146 | J12: =C12*F12 -> 2231035.6 | K12: =C12*G12 -> 1654677.2 | L12: =C12*H12 -> 12685859 | N12: Harga acuan | O12: Standar
A13: II.4 | B13: Urugan tanah kembali | C13: =AHSP!$K$76 -> 12.9375 | D13: m³ | E13: =AHSP!$G$82 -> 0 | F13: =AHSP!$G$80 -> 53399.67 | G13: =AHSP!$G$84 -> 8009.9505 | H13: =SUM(E13:G13) -> 61409.62 | I13: =C13*E13 -> 0 | J13: =C13*F13 -> 690858.23 | K13: =C13*G13 -> 103628.73 | L13: =C13*H13 -> 794486.97 | N13: Harga acuan | O13: Standar
A14: II.5 | B14: Urugan pasir bawah lantai | C14: =AHSP!$K$87 -> 4.05 | D14: m³ | E14: =AHSP!$G$94 -> 250800 | F14: =AHSP!$G$91 -> 35218.05 | G14: =AHSP!$G$96 -> 42902.707 | H14: =SUM(E14:G14) -> 328920.76 | I14: =C14*E14 -> 1015740 | J14: =C14*F14 -> 142633.1 | K14: =C14*G14 -> 173755.97 | L14: =C14*H14 -> 1332129.1 | N14: Harga acuan | O14: Standar
A15: II.6 | B15: Rabat beton lantai kerja K-175 | C15: =AHSP!$K$99 -> 2.025 | D15: m³ | E15: =AHSP!$G$110 -> 1089809.6 | F15: =AHSP!$G$105 -> 129642.95 | G15: =AHSP!$G$112 -> 182917.88 | H15: =SUM(E15:G15) -> 1402370.4 | I15: =C15*E15 -> 2206864.4 | J15: =C15*F15 -> 262526.97 | K15: =C15*G15 -> 370408.7 | L15: =C15*H15 -> 2839800 | N15: Harga acuan | O15: Standar
A16: III | B16: STRUKTUR BETON | I16: =SUM(I17:I21) -> 10978233 | J16: =SUM(J17:J21) -> 4387790.1 | K16: =SUM(K17:K21) -> 2304903.5 | L16: =SUM(L17:L21) -> 17670927
A17: III.1 | B17: Sloof 15×20 (4D10, Ø6-15) | C17: =AHSP!$K$115 -> 1.035 | D17: m³ | E17: =AHSP!$G$135 -> 3356449.5 | F17: =AHSP!$G$123 -> 1341762 | G17: =AHSP!$G$137 -> 704731.72 | H17: =SUM(E17:G17) -> 5402943.2 | I17: =C17*E17 -> 3473925.2 | J17: =C17*F17 -> 1388723.6 | K17: =C17*G17 -> 729397.33 | L17: =C17*H17 -> 5592046.2 | N17: Harga acuan | O17: Standar
A18: III.2 | B18: Kolom 15×15 (4D10, Ø6-15) | C18: =AHSP!$K$140 -> 0.864 | D18: m³ | E18: =AHSP!$G$160 -> 3761682.2 | F18: =AHSP!$G$148 -> 1415137.4 | G18: =AHSP!$G$162 -> 776522.94 | H18: =SUM(E18:G18) -> 5953342.6 | I18: =C18*E18 -> 3250093.4 | J18: =C18*F18 -> 1222678.7 | K18: =C18*G18 -> 670915.82 | L18: =C18*H18 -> 5143688 | N18: Harga acuan | O18: Standar
A19: III.3 | B19: Ring balok 12×15 (4D10, Ø6-15) | C19: =AHSP!$K$165 -> 0.621 | D19: m³ | E19: =AHSP!$G$185 -> 4370248.4 | F19: =AHSP!$G$173 -> 1730071.4 | G19: =AHSP!$G$187 -> 915047.98 | H19: =SUM(E19:G19) -> 7015367.8 | I19: =C19*E19 -> 2713924.3 | J19: =C19*F19 -> 1074374.3 | K19: =C19*G19 -> 568244.79 | L19: =C19*H19 -> 4356543.4 | N19: Harga acuan | O19: Standar
A20: III.4 | B20: Balok latei 12×12 (4D8, Ø6-15) | C20: =AHSP!$K$190 -> 0.16272 | D20: m³ | E20: =AHSP!$G$210 -> 4525388.9 | F20: =AHSP!$G$198 -> 2262695.3 | G20: =AHSP!$G$212 -> 1018212.6 | H20: =SUM(E20:G20) -> 7806296.8 | I20: =C20*E20 -> 736371.29 | J20: =C20*F20 -> 368185.78 | K20: =C20*G20 -> 165683.56 | L20: =C20*H20 -> 1270240.6 | N20: Harga acuan | O20: Standar
A21: III.5 | B21: Bingkai ampig 12×12 (4D8, Ø6-15) | C21: =AHSP!$K$215 -> 0.19953225 | D21: m³ | E21: =AHSP!$G$235 -> 4029016.5 | F21: =AHSP!$G$223 -> 1673050.9 | G21: =AHSP!$G$237 -> 855310.12 | H21: =SUM(E21:G21) -> 6557377.6 | I21: =C21*E21 -> 803918.75 | J21: =C21*F21 -> 333827.63 | K21: =C21*G21 -> 170661.96 | L21: =C21*H21 -> 1308408.3 | N21: Harga acuan | O21: Standar
A22: IV | B22: DINDING | I22: =SUM(I23:I24) -> 15971058 | J22: =SUM(J23:J24) -> 18526162 | K22: =SUM(K23:K24) -> 5174583.1 | L22: =SUM(L23:L24) -> 39671804
A23: IV.1 | B23: Pasangan bata ringan 10 cm | C23: =AHSP!$K$240 -> 106.5023 | D23: m² | E23: =AHSP!$G$250 -> 105276.86 | F23: =AHSP!$G$246 -> 37256.1 | G23: =AHSP!$G$252 -> 21379.945 | H23: =SUM(E23:G23) -> 163912.91 | I23: =C23*E23 -> 11212229 | J23: =C23*F23 -> 3967860.5 | K23: =C23*G23 -> 2277013.4 | L23: =C23*H23 -> 17457103 | N23: Harga acuan | O23: Standar
A24: IV.2 | B24: Plesteran + acian | C24: =AHSP!$K$255 -> 202.6123 | D24: m² | E24: =AHSP!$G$265 -> 23487.368 | F24: =AHSP!$G$261 -> 71853 | G24: =AHSP!$G$267 -> 14301.055 | H24: =SUM(E24:G24) -> 109641.42 | I24: =C24*E24 -> 4758829.7 | J24: =C24*F24 -> 14558302 | K24: =C24*G24 -> 2897569.7 | L24: =C24*H24 -> 22214701 | N24: Harga acuan | O24: Standar
A25: V | B25: ATAP | I25: =SUM(I26:I29) -> 22784787 | J25: =SUM(J26:J29) -> 6299480.7 | K25: =SUM(K26:K29) -> 4362640.2 | L25: =SUM(L26:L29) -> 33446908
A26: V.1 | B26: Rangka atap baja ringan | C26: =AHSP!$K$270 -> 59.859676 | D26: m² | E26: =AHSP!$G$274 -> 201600 | F26: =AHSP!$G$271 -> 0 | G26: =AHSP!$G$276 -> 30240 | H26: =SUM(E26:G26) -> 231840 | I26: =C26*E26 -> 12067711 | J26: =C26*F26 -> 0 | K26: =C26*G26 -> 1810156.6 | L26: =C26*H26 -> 13877867 | M26: Terpasang (termasuk jasa pasang) | N26: Harga acuan | O26: Standar
A27: V.2 | B27: Genteng beton | C27: =AHSP!$K$279 -> 59.859676 | D27: m² | E27: =AHSP!$G$286 -> 128235 | F27: =AHSP!$G$283 -> 100505 | G27: =AHSP!$G$288 -> 34311 | H27: =SUM(E27:G27) -> 263051 | I27: =C27*E27 -> 7676105.5 | J27: =C27*F27 -> 6016196.7 | K27: =C27*G27 -> 2053845.3 | L27: =C27*H27 -> 15746148 | N27: Harga acuan | O27: Standar
A28: V.3 | B28: Nok / bubungan | C28: =AHSP!$K$291 -> 7.2 | D28: m' | E28: =AHSP!$G$300 -> 34510.95 | F28: =AHSP!$G$295 -> 39345 | G28: =AHSP!$G$302 -> 11078.392 | H28: =SUM(E28:G28) -> 84934.342 | I28: =C28*E28 -> 248478.84 | J28: =C28*F28 -> 283284 | K28: =C28*G28 -> 79764.426 | L28: =C28*H28 -> 611527.27 | N28: Harga acuan | O28: Standar
A29: V.4 | B29: Lisplang GRC 20 cm | C29: =AHSP!$K$305 -> 31.027688 | D29: m' | E29: =AHSP!$G$309 -> 90000 | F29: =AHSP!$G$306 -> 0 | G29: =AHSP!$G$311 -> 13500 | H29: =SUM(E29:G29) -> 103500 | I29: =C29*E29 -> 2792491.9 | J29: =C29*F29 -> 0 | K29: =C29*G29 -> 418873.78 | L29: =C29*H29 -> 3211365.7 | M29: Terpasang (termasuk jasa pasang) | N29: Estimasi | O29: Standar
A30: VI | B30: PLAFON | I30: =SUM(I31:I31) -> 2121288.1 | J30: =SUM(J31:J31) -> 1943595 | K30: =SUM(K31:K31) -> 609732.47 | L30: =SUM(L31:L31) -> 4674615.6
A31: VI.1 | B31: Plafon gypsum 9 mm + rangka hollow | C31: =AHSP!$K$314 -> 40.5 | D31: m² | E31: =AHSP!$G$323 -> 52377.485 | F31: =AHSP!$G$318 -> 47990 | G31: =AHSP!$G$325 -> 15055.123 | H31: =SUM(E31:G31) -> 115422.61 | I31: =C31*E31 -> 2121288.1 | J31: =C31*F31 -> 1943595 | K31: =C31*G31 -> 609732.47 | L31: =C31*H31 -> 4674615.6 | N31: Harga acuan | O31: Standar
A32: VII | B32: LANTAI & KERAMIK | I32: =SUM(I33:I37) -> 8799479.4 | J32: =SUM(J33:J37) -> 4915291.5 | K32: =SUM(K33:K37) -> 2057215.6 | L32: =SUM(L33:L37) -> 15771986
A33: VII.1 | B33: Granit HT 60×60 | C33: =AHSP!$K$328 -> 29.55 | D33: m² | E33: =AHSP!$G$338 -> 177837.4 | F33: =AHSP!$G$332 -> 74775 | G33: =AHSP!$G$340 -> 37891.86 | H33: =SUM(E33:G33) -> 290504.26 | I33: =C33*E33 -> 5255095.2 | J33: =C33*F33 -> 2209601.2 | K33: =C33*G33 -> 1119704.5 | L33: =C33*H33 -> 8584400.9 | N33: Harga acuan | O33: Standar
A34: VII.2 | B34: Plint granit (potongan 10 cm) | C34: =AHSP!$K$343 -> 61 | D34: m' | E34: =AHSP!$G$352 -> 16622.5 | F34: =AHSP!$G$347 -> 19896.5 | G34: =AHSP!$G$354 -> 5477.85 | H34: =SUM(E34:G34) -> 41996.85 | I34: =C34*E34 -> 1013972.5 | J34: =C34*F34 -> 1213686.5 | K34: =C34*G34 -> 334148.85 | L34: =C34*H34 -> 2561807.9 | N34: Harga acuan | O34: Standar
A35: VII.3 | B35: Keramik lantai KM anti-slip | C35: =AHSP!$K$357 -> 3 | D35: m² | E35: =AHSP!$G$367 -> 139649.9 | F35: =AHSP!$G$361 -> 65153 | G35: =AHSP!$G$369 -> 30720.435 | H35: =SUM(E35:G35) -> 235523.33 | I35: =C35*E35 -> 418949.7 | J35: =C35*F35 -> 195459 | K35: =C35*G35 -> 92161.305 | L35: =C35*H35 -> 706570.01 | N35: Harga acuan | O35: Standar
A36: VII.4 | B36: Keramik dinding KM | C36: =AHSP!$K$372 -> 15.4 | D36: m² | E36: =AHSP!$G$382 -> 105724.84 | F36: =AHSP!$G$376 -> 65153 | G36: =AHSP!$G$384 -> 25631.675 | H36: =SUM(E36:G36) -> 196509.51 | I36: =C36*E36 -> 1628162.5 | J36: =C36*F36 -> 1003356.2 | K36: =C36*G36 -> 394727.8 | L36: =C36*H36 -> 3026246.5 | N36: Harga acuan | O36: Standar
A37: VII.5 | B37: Keramik teras 40×40 | C37: =AHSP!$K$387 -> 4.5 | D37: m² | E37: =AHSP!$G$397 -> 107399.9 | F37: =AHSP!$G$391 -> 65153 | G37: =AHSP!$G$399 -> 25882.935 | H37: =SUM(E37:G37) -> 198435.83 | I37: =C37*E37 -> 483299.55 | J37: =C37*F37 -> 293188.5 | K37: =C37*G37 -> 116473.21 | L37: =C37*H37 -> 892961.26 | N37: Harga acuan | O37: Standar
A38: VIII | B38: PINTU & JENDELA | I38: =SUM(I39:I43) -> 17740420 | J38: =SUM(J39:J43) -> 855400 | K38: =SUM(K39:K43) -> 2789373 | L38: =SUM(L39:L43) -> 21385193
A39: VIII.1 | B39: Pintu utama aluminium + kusen + kunci | C39: =AHSP!$K$402 -> 1 | D39: unit | E39: =AHSP!$G$406 -> 2796200 | F39: =AHSP!$G$403 -> 0 | G39: =AHSP!$G$408 -> 419430 | H39: =SUM(E39:G39) -> 3215630 | I39: =C39*E39 -> 2796200 | J39: =C39*F39 -> 0 | K39: =C39*G39 -> 419430 | L39: =C39*H39 -> 3215630 | M39: Terpasang (termasuk jasa pasang) | N39: Harga acuan | O39: Standar
A40: VIII.2 | B40: Pintu kamar HPL + kusen aluminium (2 kamar + belakang) | C40: =AHSP!$K$411 -> 3 | D40: unit | E40: =AHSP!$G$420 -> 1631200 | F40: =AHSP!$G$415 -> 213850 | G40: =AHSP!$G$422 -> 276757.5 | H40: =SUM(E40:G40) -> 2121807.5 | I40: =C40*E40 -> 4893600 | J40: =C40*F40 -> 641550 | K40: =C40*G40 -> 830272.5 | L40: =C40*H40 -> 6365422.5 | N40: Harga acuan | O40: Standar
A41: VIII.3 | B41: Pintu KM PVC | C41: =AHSP!$K$425 -> 1 | D41: unit | E41: =AHSP!$G$432 -> 949900 | F41: =AHSP!$G$429 -> 213850 | G41: =AHSP!$G$434 -> 174562.5 | H41: =SUM(E41:G41) -> 1338312.5 | I41: =C41*E41 -> 949900 | J41: =C41*F41 -> 213850 | K41: =C41*G41 -> 174562.5 | L41: =C41*H41 -> 1338312.5 | N41: Harga acuan | O41: Standar
A42: VIII.4 | B42: Jendela aluminium + kaca | C42: =AHSP!$K$437 -> 5.76 | D42: m² | E42: =AHSP!$G$441 -> 1547000 | F42: =AHSP!$G$438 -> 0 | G42: =AHSP!$G$443 -> 232050 | H42: =SUM(E42:G42) -> 1779050 | I42: =C42*E42 -> 8910720 | J42: =C42*F42 -> 0 | K42: =C42*G42 -> 1336608 | L42: =C42*H42 -> 10247328 | M42: Terpasang (termasuk jasa pasang) | N42: Harga acuan | O42: Standar
A43: VIII.5 | B43: Bovenlight KM kaca mati | C43: =AHSP!$K$446 -> 0.2 | D43: m² | E43: =AHSP!$G$450 -> 950000 | F43: =AHSP!$G$447 -> 0 | G43: =AHSP!$G$452 -> 142500 | H43: =SUM(E43:G43) -> 1092500 | I43: =C43*E43 -> 190000 | J43: =C43*F43 -> 0 | K43: =C43*G43 -> 28500 | L43: =C43*H43 -> 218500 | M43: Terpasang (termasuk jasa pasang) | N43: Estimasi | O43: Standar
A44: IX | B44: CAT | I44: =SUM(I45:I46) -> 7016852.7 | J44: =SUM(J45:J46) -> 3605068.6 | K44: =SUM(K45:K46) -> 1593288.2 | L44: =SUM(L45:L46) -> 12215210
A45: IX.1 | B45: Cat interior Catylac (dinding + plafon) | C45: =AHSP!$K$455 -> 165.923 | D45: m² | E45: =AHSP!$G$466 -> 19580.4 | F45: =AHSP!$G$461 -> 14828.82 | G45: =AHSP!$G$468 -> 5161.383 | H45: =SUM(E45:G45) -> 39570.603 | I45: =C45*E45 -> 3248838.7 | J45: =C45*F45 -> 2460442.3 | K45: =C45*G45 -> 856392.15 | L45: =C45*H45 -> 6565673.2 | N45: Harga acuan | O45: Standar
A46: IX.2 | B46: Cat eksterior Weathershield | C46: =AHSP!$K$471 -> 77.189305 | D46: m² | E46: =AHSP!$G$481 -> 48815.234 | F46: =AHSP!$G$477 -> 14828.82 | G46: =AHSP!$G$483 -> 9546.6082 | H46: =SUM(E46:G46) -> 73190.663 | I46: =C46*E46 -> 3768014 | J46: =C46*F46 -> 1144626.3 | K46: =C46*G46 -> 736896.05 | L46: =C46*H46 -> 5649536.4 | N46: Harga acuan | O46: Standar
A47: X | B47: SANITAIR & PLUMBING | I47: =SUM(I48:I58) -> 12350150 | J47: =SUM(J48:J58) -> 2291159.7 | K47: =SUM(K48:K58) -> 2196196.5 | L47: =SUM(L48:L58) -> 16837506
A48: X.1 | B48: Kloset duduk + jet shower | C48: =AHSP!$K$486 -> 1 | D48: unit | E48: =AHSP!$G$494 -> 2132500 | F48: =AHSP!$G$490 -> 249650 | G48: =AHSP!$G$496 -> 357322.5 | H48: =SUM(E48:G48) -> 2739472.5 | I48: =C48*E48 -> 2132500 | J48: =C48*F48 -> 249650 | K48: =C48*G48 -> 357322.5 | L48: =C48*H48 -> 2739472.5 | N48: Harga acuan | O48: Standar
A49: X.2 | B49: Shower set | C49: =AHSP!$K$499 -> 1 | D49: set | E49: =AHSP!$G$505 -> 425000 | F49: =AHSP!$G$502 -> 55320 | G49: =AHSP!$G$507 -> 72048 | H49: =SUM(E49:G49) -> 552368 | I49: =C49*E49 -> 425000 | J49: =C49*F49 -> 55320 | K49: =C49*G49 -> 72048 | L49: =C49*H49 -> 552368 | N49: Harga acuan | O49: Tambahan
A50: X.3 | B50: Wastafel + kran | C50: =AHSP!$K$510 -> 1 | D50: unit | E50: =AHSP!$G$516 -> 800000 | F50: =AHSP!$G$513 -> 92200 | G50: =AHSP!$G$518 -> 133830 | H50: =SUM(E50:G50) -> 1026030 | I50: =C50*E50 -> 800000 | J50: =C50*F50 -> 92200 | K50: =C50*G50 -> 133830 | L50: =C50*H50 -> 1026030 | N50: Harga acuan | O50: Standar
A51: X.4 | B51: Floor drain | C51: =AHSP!$K$521 -> 2 | D51: buah | E51: =AHSP!$G$527 -> 80000 | F51: =AHSP!$G$524 -> 36880 | G51: =AHSP!$G$529 -> 17532 | H51: =SUM(E51:G51) -> 134412 | I51: =C51*E51 -> 160000 | J51: =C51*F51 -> 73760 | K51: =C51*G51 -> 35064 | L51: =C51*H51 -> 268824 | N51: Harga acuan | O51: Standar
A52: X.5 | B52: Kran air | C52: =AHSP!$K$532 -> 4 | D52: buah | E52: =AHSP!$G$538 -> 110000 | F52: =AHSP!$G$535 -> 55320 | G52: =AHSP!$G$540 -> 24798 | H52: =SUM(E52:G52) -> 190118 | I52: =C52*E52 -> 440000 | J52: =C52*F52 -> 221280 | K52: =C52*G52 -> 99192 | L52: =C52*H52 -> 760472 | N52: Harga acuan | O52: Standar
A53: X.6 | B53: Pipa PVC AW ½" air bersih | C53: =AHSP!$K$543 -> 25 | D53: m' | E53: =AHSP!$G$553 -> 17950 | F53: =AHSP!$G$549 -> 17366.34 | G53: =AHSP!$G$555 -> 5297.451 | H53: =SUM(E53:G53) -> 40613.791 | I53: =C53*E53 -> 448750 | J53: =C53*F53 -> 434158.5 | K53: =C53*G53 -> 132436.27 | L53: =C53*H53 -> 1015344.8 | N53: Harga acuan | O53: Standar
A54: X.7 | B54: Pipa PVC D 3" air bekas | C54: =AHSP!$K$558 -> 10 | D54: m' | E54: =AHSP!$G$568 -> 51500 | F54: =AHSP!$G$564 -> 26049.51 | G54: =AHSP!$G$570 -> 11632.426 | H54: =SUM(E54:G54) -> 89181.936 | I54: =C54*E54 -> 515000 | J54: =C54*F54 -> 260495.1 | K54: =C54*G54 -> 116324.26 | L54: =C54*H54 -> 891819.36 | N54: Harga acuan | O54: Standar
A55: X.8 | B55: Pipa PVC D 4" air kotor | C55: =AHSP!$K$573 -> 8 | D55: m' | E55: =AHSP!$G$583 -> 70750 | F55: =AHSP!$G$579 -> 26049.51 | G55: =AHSP!$G$585 -> 14519.926 | H55: =SUM(E55:G55) -> 111319.44 | I55: =C55*E55 -> 566000 | J55: =C55*F55 -> 208396.08 | K55: =C55*G55 -> 116159.41 | L55: =C55*H55 -> 890555.49 | N55: Harga acuan | O55: Standar
A56: X.9 | B56: Toren 1.000 L | C56: =AHSP!$K$588 -> 1 | D56: unit | E56: =AHSP!$G$595 -> 2300000 | F56: =AHSP!$G$592 -> 564550 | G56: =AHSP!$G$597 -> 429682.5 | H56: =SUM(E56:G56) -> 3294232.5 | I56: =C56*E56 -> 2300000 | J56: =C56*F56 -> 564550 | K56: =C56*G56 -> 429682.5 | L56: =C56*H56 -> 3294232.5 | N56: Harga acuan | O56: Tambahan
A57: X.10 | B57: Pompa air 125 W | C57: =AHSP!$K$600 -> 1 | D57: unit | E57: =AHSP!$G$607 -> 800000 | F57: =AHSP!$G$604 -> 131350 | G57: =AHSP!$G$609 -> 139702.5 | H57: =SUM(E57:G57) -> 1071052.5 | I57: =C57*E57 -> 800000 | J57: =C57*F57 -> 131350 | K57: =C57*G57 -> 139702.5 | L57: =C57*H57 -> 1071052.5 | N57: Harga acuan | O57: Tambahan
A58: X.11 | B58: Septictank biofil 1.000 L | C58: =AHSP!$K$612 -> 1 | D58: unit | E58: =AHSP!$G$616 -> 3762900 | F58: =AHSP!$G$613 -> 0 | G58: =AHSP!$G$618 -> 564435 | H58: =SUM(E58:G58) -> 4327335 | I58: =C58*E58 -> 3762900 | J58: =C58*F58 -> 0 | K58: =C58*G58 -> 564435 | L58: =C58*H58 -> 4327335 | M58: Terpasang (termasuk jasa pasang) | N58: Harga acuan | O58: Standar
A59: XI | B59: LISTRIK | I59: =SUM(I60:I62) -> 6437750 | J59: =SUM(J60:J62) -> 2409920 | K59: =SUM(K60:K62) -> 1327150.5 | L59: =SUM(L60:L62) -> 10174820
A60: XI.1 | B60: Titik lampu + downlight | C60: =AHSP!$K$621 -> 10 | D60: titik | E60: =AHSP!$G$630 -> 226400 | F60: =AHSP!$G$625 -> 96605 | G60: =AHSP!$G$632 -> 48450.75 | H60: =SUM(E60:G60) -> 371455.75 | I60: =C60*E60 -> 2264000 | J60: =C60*F60 -> 966050 | K60: =C60*G60 -> 484507.5 | L60: =C60*H60 -> 3714557.5 | N60: Harga acuan | O60: Standar
A61: XI.2 | B61: Titik saklar / stop kontak | C61: =AHSP!$K$635 -> 14 | D61: titik | E61: =AHSP!$G$645 -> 248125 | F61: =AHSP!$G$639 -> 96605 | G61: =AHSP!$G$647 -> 51709.5 | H61: =SUM(E61:G61) -> 396439.5 | I61: =C61*E61 -> 3473750 | J61: =C61*F61 -> 1352470 | K61: =C61*G61 -> 723933 | L61: =C61*H61 -> 5550153 | N61: Harga acuan | O61: Standar
A62: XI.3 | B62: Box MCB 6 grup + MCB | C62: =AHSP!$K$650 -> 1 | D62: set | E62: =AHSP!$G$656 -> 700000 | F62: =AHSP!$G$653 -> 91400 | G62: =AHSP!$G$658 -> 118710 | H62: =SUM(E62:G62) -> 910110 | I62: =C62*E62 -> 700000 | J62: =C62*F62 -> 91400 | K62: =C62*G62 -> 118710 | L62: =C62*H62 -> 910110 | N62: Harga acuan | O62: Standar
A63: XII | B63: DAPUR | I63: =SUM(I64:I64) -> 3400000 | J63: =SUM(J64:J64) -> 1092700 | K63: =SUM(K64:K64) -> 673905 | L63: =SUM(L64:L64) -> 5166605
A64: XII.1 | B64: Meja dapur beton + sink + kran | C64: =AHSP!$K$661 -> 1 | D64: ls | E64: =AHSP!$G$669 -> 3400000 | F64: =AHSP!$G$665 -> 1092700 | G64: =AHSP!$G$671 -> 673905 | H64: =SUM(E64:G64) -> 5166605 | I64: =C64*E64 -> 3400000 | J64: =C64*F64 -> 1092700 | K64: =C64*G64 -> 673905 | L64: =C64*H64 -> 5166605 | N64: Estimasi | O64: Tambahan
A65: XIII | B65: CARPORT, KANOPI & PAGAR | I65: =SUM(I66:I71) -> 25566587 | J65: =SUM(J66:J71) -> 1132157.2 | K65: =SUM(K66:K71) -> 4004811.6 | L65: =SUM(L66:L71) -> 30703556
A66: XIII.1 | B66: Carport beton bertulang 12 cm (D8-200) | C66: =AHSP!$K$674 -> 15 | D66: m² | E66: =AHSP!$G$689 -> 192118.1 | F66: =AHSP!$G$681 -> 24928.41 | G66: =AHSP!$G$691 -> 32556.977 | H66: =SUM(E66:G66) -> 249603.49 | I66: =C66*E66 -> 2881771.5 | J66: =C66*F66 -> 373926.15 | K66: =C66*G66 -> 488354.65 | L66: =C66*H66 -> 3744052.3 | N66: Harga acuan | O66: Tambahan
A67: XIII.2 | B67: Kanopi baja ringan + Alderon | C67: =AHSP!$K$694 -> 15 | D67: m² | E67: =AHSP!$G$698 -> 600000 | F67: =AHSP!$G$695 -> 0 | G67: =AHSP!$G$700 -> 90000 | H67: =SUM(E67:G67) -> 690000 | I67: =C67*E67 -> 9000000 | J67: =C67*F67 -> 0 | K67: =C67*G67 -> 1350000 | L67: =C67*H67 -> 10350000 | M67: Terpasang (termasuk jasa pasang) | N67: Harga acuan | O67: Tambahan
A68: XIII.3 | B68: Tembok pagar bawah (bata ringan, plester 2 sisi, cat) | C68: =AHSP!$K$703 -> 3.6 | D68: m² | E68: =AHSP!$G$718 -> 249882.07 | F68: =AHSP!$G$710 -> 210619.74 | G68: =AHSP!$G$720 -> 69075.271 | H68: =SUM(E68:G68) -> 529577.08 | I68: =C68*E68 -> 899575.44 | J68: =C68*F68 -> 758231.06 | K68: =C68*G68 -> 248670.98 | L68: =C68*H68 -> 1906477.5 | N68: Harga acuan | O68: Tambahan
A69: XIII.4 | B69: Pagar besi hollow | C69: =AHSP!$K$723 -> 3.6 | D69: m² | E69: =AHSP!$G$727 -> 895900 | F69: =AHSP!$G$724 -> 0 | G69: =AHSP!$G$729 -> 134385 | H69: =SUM(E69:G69) -> 1030285 | I69: =C69*E69 -> 3225240 | J69: =C69*F69 -> 0 | K69: =C69*G69 -> 483786 | L69: =C69*H69 -> 3709026 | M69: Terpasang (termasuk jasa pasang) | N69: Harga acuan | O69: Tambahan
A70: XIII.5 | B70: Pintu pagar geser | C70: =AHSP!$K$732 -> 5.4 | D70: m² | E70: =AHSP!$G$736 -> 1650000 | F70: =AHSP!$G$733 -> 0 | G70: =AHSP!$G$738 -> 247500 | H70: =SUM(E70:G70) -> 1897500 | I70: =C70*E70 -> 8910000 | J70: =C70*F70 -> 0 | K70: =C70*G70 -> 1336500 | L70: =C70*H70 -> 10246500 | M70: Terpasang (termasuk jasa pasang) | N70: Estimasi | O70: Tambahan
A71: XIII.6 | B71: Rel + roda pintu pagar | C71: =AHSP!$K$741 -> 1 | D71: set | E71: =AHSP!$G$745 -> 650000 | F71: =AHSP!$G$742 -> 0 | G71: =AHSP!$G$747 -> 97500 | H71: =SUM(E71:G71) -> 747500 | I71: =C71*E71 -> 650000 | J71: =C71*F71 -> 0 | K71: =C71*G71 -> 97500 | L71: =C71*H71 -> 747500 | M71: Terpasang (termasuk jasa pasang) | N71: Estimasi | O71: Tambahan
B73: JUMLAH PEKERJAAN | I73: =I5+I9+I16+I22+I25+I30+I32+I38+I44+I47+I59+I63+I65 -> 1.4718672e+08 | J73: =J5+J9+J16+J22+J25+J30+J32+J38+J44+J47+J59+J63+J65 -> 55534640 | K73: =K5+K9+K16+K22+K25+K30+K32+K38+K44+K47+K59+K63+K65 -> 30408204 | L73: =L5+L9+L16+L22+L25+L30+L32+L38+L44+L47+L59+L63+L65 -> 2.3312957e+08
B74: Ongkos kirim bahan — sudah termasuk dalam margin kontraktor | L74: 0
B75: SUBTOTAL | L75: =L73+L74 -> 2.3312957e+08
B76: Dana cadangan (5%) | L76: =L75*Parameter!$B$6 -> 11656478
B77: PPN 11% (hanya bila kontraktor PKP — lihat Parameter) | L77: =(L75+L76)*Parameter!$B$9*Parameter!$B$8 -> 0
B78: TOTAL | L78: =L75+L76+L77 -> 2.4478605e+08
B79: Dibulatkan | L79: =ROUND(L78,-5) -> 244800000

Sheet Kontrol Harga
A1: KONTROL HARGA PER m² — pekerjaan standar
A2: Harga per m² hanya menghitung pekerjaan standar bangunan utama, sama seperti cara kontraktor menawarkan 'harga per meter'. Pekerjaan tambahan, ongkos kirim, dana cadangan, dan pajak tidak ikut.
A4: Rentang harga pasar borongan (bahan + upah) per m² — Jabodetabek 2026 | B4: Minimum | C4: Maksimum | D4: Dasar penetapan
A5: Sederhana | B5: 3500000 | C5: 5000000 | D5: Median batas bawah & atas dari 10 artikel kontraktor/portal properti 2026: sobatbangun, tokban, superkos, PropNex, Akbar Konstruksi, Tricipta Karya, Dinasti Arsitek, caribisnis, indohomesarana (Jabodetabek), asiaarsitek
A6: Menengah | B6: 5000000 | C6: 7000000 | D6: Median batas bawah & atas dari 10 artikel kontraktor/portal properti 2026: sobatbangun, tokban, superkos, PropNex, Akbar Konstruksi, Tricipta Karya, Dinasti Arsitek, caribisnis, indohomesarana (Jabodetabek), asiaarsitek
A7: Mewah | B7: 7000000 | C7: 10000000 | D7: Median batas bawah & atas dari 10 artikel kontraktor/portal properti 2026: sobatbangun, tokban, superkos, PropNex, Akbar Konstruksi, Tricipta Karya, Dinasti Arsitek, caribisnis, indohomesarana (Jabodetabek), asiaarsitek
A8: Borongan jasa (upah + keuntungan mandor) per m² — semua kelas | B8: 1000000 | C8: 1800000 | D8: Median dari 5 kisaran 2026: caribisnis, indohomesarana, sobatbangun, asiaarsitek (1 lantai & 2 lantai)
A9: Rentang dari artikel pasar (bukan data resmi) — dipakai sebagai rambu, bukan patokan pasti. Untuk luar Jabodetabek kalikan dengan faktor IKK daerah.
A11: Pemeriksaan | B11: Nilai per m² | C11: Rentang wajar | D11: Status
A12: Borongan — harga per m² pekerjaan standar | B12: =SUMIF('RAB Borongan'!$O$6:$O$71,"Standar",'RAB Borongan'!$L$6:$L$71)/Volume!$B$23 -> 5342826.5 | C12: =TEXT(VLOOKUP(Parameter!$B$15,'Kontrol Harga'!$A$5:$C$7,2,FALSE()),"#,##0")&" – "&TEXT(VLOOKUP(Parameter!$B$15,'Kontrol Harga'!$A$5:$C$7,3,FALSE()),"#,##0") -> 5,000,000 – 7,000,000 | D12: =IF(B12<VLOOKUP(Parameter!$B$15,'Kontrol Harga'!$A$5:$C$7,2,FALSE()),"Di bawah rentang ("&TEXT(B12/(VLOOKUP(Parameter!$B$15,'Kontrol Harga'!$A$5:$C$7,2,FALSE()))-1,"0%")&") — periksa apakah ada pekerjaan/spesifikasi yang terlewat",IF(B12>VLOOKUP(Parameter!$B$15,'Kontrol Harga'!$A$5:$C$7,3,FALSE()),"Di atas rentang (+"&TEXT(B12/(VLOOKUP(Parameter!$B$15,'Kontrol Harga'!$A$5:$C$7,3,FALSE()))-1,"0%")&") — periksa spesifikasi atau harga yang terlalu tinggi","Dalam rentang pasar")) -> Dalam rentang pasar
A13: Swakelola — biaya per m² pekerjaan standar | B13: =SUMIF('RAB Swakelola'!$M$6:$M$71,"Standar",'RAB Swakelola'!$J$6:$J$71)/Volume!$B$23 -> 4645936.1 | C13: =TEXT(VLOOKUP(Parameter!$B$15,'Kontrol Harga'!$A$5:$C$7,2,FALSE())/(1+Parameter!$B$4),"#,##0")&" – "&TEXT(VLOOKUP(Parameter!$B$15,'Kontrol Harga'!$A$5:$C$7,3,FALSE())/(1+Parameter!$B$4),"#,##0") -> 4,347,826 – 6,086,957 | D13: =IF(B13<VLOOKUP(Parameter!$B$15,'Kontrol Harga'!$A$5:$C$7,2,FALSE())/(1+Parameter!$B$4),"Di bawah rentang ("&TEXT(B13/(VLOOKUP(Parameter!$B$15,'Kontrol Harga'!$A$5:$C$7,2,FALSE())/(1+Parameter!$B$4))-1,"0%")&") — periksa apakah ada pekerjaan/spesifikasi yang terlewat",IF(B13>VLOOKUP(Parameter!$B$15,'Kontrol Harga'!$A$5:$C$7,3,FALSE())/(1+Parameter!$B$4),"Di atas rentang (+"&TEXT(B13/(VLOOKUP(Parameter!$B$15,'Kontrol Harga'!$A$5:$C$7,3,FALSE())/(1+Parameter!$B$4))-1,"0%")&") — periksa spesifikasi atau harga yang terlalu tinggi","Dalam rentang pasar")) -> Dalam rentang pasar
A14: Upah per m² pekerjaan standar + margin (setara borongan jasa) | B14: =SUMIF('RAB Borongan'!$O$6:$O$71,"Standar",'RAB Borongan'!$J$6:$J$71)*(1+Parameter!$B$4)/Volume!$B$23 -> 1678954.1 | C14: =TEXT('Kontrol Harga'!$B$8,"#,##0")&" – "&TEXT('Kontrol Harga'!$C$8,"#,##0") -> 1,000,000 – 1,800,000 | D14: =IF(B14<'Kontrol Harga'!$B$8,"Di bawah rentang ("&TEXT(B14/('Kontrol Harga'!$B$8)-1,"0%")&") — periksa apakah ada pekerjaan/spesifikasi yang terlewat",IF(B14>'Kontrol Harga'!$C$8,"Di atas rentang (+"&TEXT(B14/('Kontrol Harga'!$C$8)-1,"0%")&") — periksa spesifikasi atau harga yang terlalu tinggi","Dalam rentang pasar")) -> Dalam rentang pasar
A15: ="Luas bangunan: "&TEXT(Volume!$B$23,"0")&" m² · Paket: "&Parameter!$B$15 -> Luas bangunan: 36 m² · Paket: Menengah
A17: Masuk hitungan per m² (Standar) | D17: Tidak masuk hitungan per m² (Tambahan & biaya lain)
A18: ✓ Persiapan (bouwplank, pembersihan, air & listrik kerja) | D18: ✗ Toren air, pompa air, shower set
A19: ✓ Tanah & pondasi | D19: ✗ Dapur (meja dapur/kitchen set)
A20: ✓ Struktur beton | D20: ✗ Carport, kanopi, pagar & pintu pagar
A21: ✓ Dinding, plester, acian | D21: ✗ Ongkos kirim bahan (swakelola)
A22: ✓ Atap | D22: ✗ Dana cadangan
A23: ✓ Plafon | D23: ✗ Pajak (PPN / PPN KMS)
A24: ✓ Lantai & keramik | D24: ✗ Tanah, PBG/IMB, notaris, desain
A25: ✓ Pintu & jendela | D25: ✗ Sambungan PLN/PDAM permanen
A26: ✓ Cat | D26: ✗ Taman, interior, furnitur, AC
A27: ✓ Sanitair & plumbing (kloset, wastafel, floor drain, kran, pipa, septictank)
A28: ✓ Instalasi listrik
A30: Sumber cakupan: asiaarsitek.com, indohomesarana.com, propnexplus.com, semenmerahputih.com (2026) — harga per meter umumnya hanya bangunan utama; pagar, carport, kanopi, taman, kitchen set, interior, PBG, dan sambungan PLN/PDAM dihitung terpisah.

Sheet Perhitungan Bahan
A1: PERHITUNGAN BAHAN — kebutuhan, jumlah beli, dan biaya
A2: Kebutuhan = volume × koefisien AHSP (sudah termasuk susut). Biaya dihitung dari kebutuhan; jumlah beli (kemasan) hanya panduan belanja. Ubah harga per kemasan (biru) sesuai toko Anda.
A4: Kode | B4: Bahan | C4: Spesifikasi | D4: Kebutuhan | E4: Satuan | F4: Kemasan beli | G4: Isi / kemasan | H4: Jumlah beli | I4: Harga / kemasan | J4: Harga / satuan | K4: BIAYA | L4: Link toko online | M4: Asal harga | N4: Referensi | O4: Curah? | P4: Catatan
A5: SMN | B5: Semen PCC | C5: Tiga Roda / Gresik | D5: =SUMIFS(AHSP!$L$5:$L$3000,AHSP!$C$5:$C$3000,A5,AHSP!$J$5:$J$3000,"Bahan") -> 6784.1057 | E5: kg | F5: zak 40 kg | G5: 40 | H5: =MAX(0,ROUNDUP(D5/G5-0.0001,0)) -> 170 | I5: 63000 | J5: =I5/G5 -> 1575 | K5: =D5*J5 -> 10684966 | L5: — | M5: Triangulasi: SSH Badung 2026, RAB profesional (bangun.com), toko | N5: Harga acuan | O5: Tidak | P5: ="atau "&ROUNDUP(D5/50,0)&" zak 50 kg" -> atau 136 zak 50 kg
A6: PSP | B6: Pasir pasang | D6: =SUMIFS(AHSP!$L$5:$L$3000,AHSP!$C$5:$C$3000,A6,AHSP!$J$5:$J$3000,"Bahan") -> 13.67734 | E6: m³ | F6: m³ | G6: 1 | H6: =MAX(0,ROUNDUP(D6/G6-0.0001,0)) -> 14 | I6: 295200 | J6: =I6/G6 -> 295200 | K6: =D6*J6 -> 4037550.7 | L6: — | M6: SSH Badung 2026 & RAB profesional (bangun.com) | N6: Harga acuan | O6: Ya | P6: ="≈ "&ROUND(D6/6.75,1)&" truk colt diesel" -> ≈ 2 truk colt diesel
A7: PSB | B7: Pasir beton | D7: =SUMIFS(AHSP!$L$5:$L$3000,AHSP!$C$5:$C$3000,A7,AHSP!$J$5:$J$3000,"Bahan") -> 4.0063018 | E7: m³ | F7: m³ | G7: 1 | H7: =MAX(0,ROUNDUP(D7/G7-0.0001,0)) -> 5 | I7: 379000 | J7: =I7/G7 -> 379000 | K7: =D7*J7 -> 1518388.4 | L7: — | M7: RAB profesional — bangun.com | N7: Harga acuan | O7: Ya
A8: SPL | B8: Batu split 1–2 cm | D8: =SUMIFS(AHSP!$L$5:$L$3000,AHSP!$C$5:$C$3000,A8,AHSP!$J$5:$J$3000,"Bahan") -> 5.6368048 | E8: m³ | F8: m³ | G8: 1 | H8: =MAX(0,ROUNDUP(D8/G8-0.0001,0)) -> 6 | I8: 385900 | J8: =I8/G8 -> 385900 | K8: =D8*J8 -> 2175243 | L8: — | M8: SSH Kab. Badung 2026 | N8: Harga acuan | O8: Ya
A9: PSU | B9: Pasir urug | D9: =SUMIFS(AHSP!$L$5:$L$3000,AHSP!$C$5:$C$3000,A9,AHSP!$J$5:$J$3000,"Bahan") -> 7.473 | E9: m³ | F9: m³ | G9: 1 | H9: =MAX(0,ROUNDUP(D9/G9-0.0001,0)) -> 8 | I9: 209000 | J9: =I9/G9 -> 209000 | K9: =D9*J9 -> 1561857 | L9: — | M9: SSH Badung & RAB profesional (bangun.com) | N9: Harga acuan | O9: Ya
A10: BTK | B10: Batu kali belah | D10: =SUMIFS(AHSP!$L$5:$L$3000,AHSP!$C$5:$C$3000,A10,AHSP!$J$5:$J$3000,"Bahan") -> 12.42 | E10: m³ | F10: m³ | G10: 1 | H10: =MAX(0,ROUNDUP(D10/G10-0.0001,0)) -> 13 | I10: 343200 | J10: =I10/G10 -> 343200 | K10: =D10*J10 -> 4262544 | L10: — | M10: SSH Badung & RAB profesional (bangun.com) | N10: Harga acuan | O10: Ya
A11: D10 | B11: Besi ulir D10 full SNI | C11: 12 m | D11: =SUMIFS(AHSP!$L$5:$L$3000,AHSP!$C$5:$C$3000,A11,AHSP!$J$5:$J$3000,"Bahan") -> 291.61044 | E11: kg | F11: batang | G11: 7.4 | H11: =MAX(0,ROUNDUP(D11/G11-0.0001,0)) -> 40 | I11: 85500 | J11: =I11/G11 -> 11554.054 | K11: =D11*J11 -> 3369282.8 | L11: — | M11: Toko online, SSH Badung, RAB profesional (bangun.com) | N11: Harga acuan | O11: Tidak
A12: D8 | B12: Besi D8 full SNI | C12: 12 m | D12: =SUMIFS(AHSP!$L$5:$L$3000,AHSP!$C$5:$C$3000,A12,AHSP!$J$5:$J$3000,"Bahan") -> 108.88798 | E12: kg | F12: batang | G12: 4.74 | H12: =MAX(0,ROUNDUP(D12/G12-0.0001,0)) -> 23 | I12: 53800 | J12: =I12/G12 -> 11350.211 | K12: =D12*J12 -> 1235901.5 | L12: — | M12: Toko, SSH Badung, RAB profesional (bangun.com) | N12: Harga acuan | O12: Tidak
A13: D6 | B13: Besi polos Ø6 | C13: 12 m, sengkang | D13: =SUMIFS(AHSP!$L$5:$L$3000,AHSP!$C$5:$C$3000,A13,AHSP!$J$5:$J$3000,"Bahan") -> 109.54038 | E13: kg | F13: batang | G13: 2.66 | H13: =MAX(0,ROUNDUP(D13/G13-0.0001,0)) -> 42 | I13: 30100 | J13: =I13/G13 -> 11315.789 | K13: =D13*J13 -> 1239535.9 | L13: — | M13: Turunan harga besi per kg | N13: Harga acuan | O13: Tidak
A14: KWT | B14: Kawat bendrat | D14: =SUMIFS(AHSP!$L$5:$L$3000,AHSP!$C$5:$C$3000,A14,AHSP!$J$5:$J$3000,"Bahan") -> 6.9663246 | E14: kg | F14: kg | G14: 1 | H14: =MAX(0,ROUNDUP(D14/G14-0.0001,0)) -> 7 | I14: 26200 | J14: =I14/G14 -> 26200 | K14: =D14*J14 -> 182517.7 | L14: — | M14: RAB profesional — bangun.com | N14: Harga acuan | O14: Tidak
A15: MPX | B15: Multipleks 9 mm | C15: 122×244, bekisting (pakai ulang 4×) | D15: =SUMIFS(AHSP!$L$5:$L$3000,AHSP!$C$5:$C$3000,A15,AHSP!$J$5:$J$3000,"Bahan") -> 3.764914 | E15: lembar | F15: lembar | G15: 1 | H15: =MAX(0,ROUNDUP(D15/G15-0.0001,0)) -> 4 | I15: 214200 | J15: =I15/G15 -> 214200 | K15: =D15*J15 -> 806444.58 | L15: — | M15: RAB profesional — bangun.com | N15: Harga acuan | O15: Tidak
A16: KSO | B16: Kayu kaso 5/7 | C16: 4 m, bekisting | D16: =SUMIFS(AHSP!$L$5:$L$3000,AHSP!$C$5:$C$3000,A16,AHSP!$J$5:$J$3000,"Bahan") -> 42.259242 | E16: batang | F16: batang | G16: 1 | H16: =MAX(0,ROUNDUP(D16/G16-0.0001,0)) -> 43 | I16: 38000 | J16: =I16/G16 -> 38000 | K16: =D16*J16 -> 1605851.2 | L16: — | M16: Estimasi — belum ada sumber | N16: Estimasi | O16: Tidak
A17: PKU | B17: Paku 5–10 cm | D17: =SUMIFS(AHSP!$L$5:$L$3000,AHSP!$C$5:$C$3000,A17,AHSP!$J$5:$J$3000,"Bahan") -> 4.3027589 | E17: kg | F17: kg | G17: 1 | H17: =MAX(0,ROUNDUP(D17/G17-0.0001,0)) -> 5 | I17: 24200 | J17: =I17/G17 -> 24200 | K17: =D17*J17 -> 104126.76 | L17: — | M17: RAB profesional — bangun.com | N17: Harga acuan | O17: Tidak
A18: MYK | B18: Minyak bekisting | D18: =SUMIFS(AHSP!$L$5:$L$3000,AHSP!$C$5:$C$3000,A18,AHSP!$J$5:$J$3000,"Bahan") -> 2.1513794 | E18: liter | F18: liter | G18: 1 | H18: =MAX(0,ROUNDUP(D18/G18-0.0001,0)) -> 3 | I18: 26400 | J18: =I18/G18 -> 26400 | K18: =D18*J18 -> 56796.417 | L18: — | M18: SSH Badung & RAB profesional (bangun.com) | N18: Harga acuan | O18: Tidak
A19: BRG | B19: Bata ringan 10 cm | C19: 60×20×10 (±83 buah/m³) | D19: =SUMIFS(AHSP!$L$5:$L$3000,AHSP!$C$5:$C$3000,A19,AHSP!$J$5:$J$3000,"Bahan") -> 988.32783 | E19: buah | F19: buah | G19: 1 | H19: =MAX(0,ROUNDUP(D19/G19-0.0001,0)) -> 989 | I19: 9820 | J19: =I19/G19 -> 9820 | K19: =D19*J19 -> 9705379.3 | L19: — | M19: SSH Badung, RAB profesional (bangun.com), toko | N19: Harga acuan | O19: Tidak | P19: ="≈ "&ROUND(D19/83,1)&" m³" -> ≈ 11.9 m³
A20: MRT | B20: Mortar instan bata ringan | D20: =SUMIFS(AHSP!$L$5:$L$3000,AHSP!$C$5:$C$3000,A20,AHSP!$J$5:$J$3000,"Bahan") -> 867.05565 | E20: kg | F20: zak 40 kg | G20: 40 | H20: =MAX(0,ROUNDUP(D20/G20-0.0001,0)) -> 22 | I20: 87000 | J20: =I20/G20 -> 2175 | K20: =D20*J20 -> 1885846 | L20: — | M20: detikProperti Mei 2025 (Global Union) | N20: Harga acuan | O20: Tidak
A21: GNT | B21: Genteng beton | C21: ±10 buah/m² | D21: =SUMIFS(AHSP!$L$5:$L$3000,AHSP!$C$5:$C$3000,A21,AHSP!$J$5:$J$3000,"Bahan") -> 616.55466 | E21: buah | F21: buah | G21: 1 | H21: =MAX(0,ROUNDUP(D21/G21-0.0001,0)) -> 617 | I21: 12450 | J21: =I21/G21 -> 12450 | K21: =D21*J21 -> 7676105.5 | L21: — | M21: SSH Kab. Badung 2026 | N21: Harga acuan | O21: Tidak
A22: NOK | B22: Nok genteng beton | D22: =SUMIFS(AHSP!$L$5:$L$3000,AHSP!$C$5:$C$3000,A22,AHSP!$J$5:$J$3000,"Bahan") -> 22.68 | E22: buah | F22: buah | G22: 1 | H22: =MAX(0,ROUNDUP(D22/G22-0.0001,0)) -> 23 | I22: 8350 | J22: =I22/G22 -> 8350 | K22: =D22*J22 -> 189378 | L22: — | M22: SSH Kab. Badung 2026 | N22: Harga acuan | O22: Tidak
A23: GYP | B23: Papan gypsum 9 mm | C23: 120×240 (2,88 m²) | D23: =SUMIFS(AHSP!$L$5:$L$3000,AHSP!$C$5:$C$3000,A23,AHSP!$J$5:$J$3000,"Bahan") -> 15.46857 | E23: lembar | F23: lembar | G23: 1 | H23: =MAX(0,ROUNDUP(D23/G23-0.0001,0)) -> 16 | I23: 81500 | J23: =I23/G23 -> 81500 | K23: =D23*J23 -> 1260688.5 | L23: — | M23: RAB profesional — bangun.com | N23: Harga acuan | O23: Tidak
A24: HLW | B24: Hollow galvalum plafon 4×4 / 2×4 | C24: 4 m | D24: =SUMIFS(AHSP!$L$5:$L$3000,AHSP!$C$5:$C$3000,A24,AHSP!$J$5:$J$3000,"Bahan") -> 31.89375 | E24: batang | F24: batang | G24: 1 | H24: =MAX(0,ROUNDUP(D24/G24-0.0001,0)) -> 32 | I24: 25000 | J24: =I24/G24 -> 25000 | K24: =D24*J24 -> 797343.75 | L24: — | M24: Estimasi — belum ada sumber | N24: Estimasi | O24: Tidak
A25: CMP | B25: Compound & sekrup gypsum | D25: =SUMIFS(AHSP!$L$5:$L$3000,AHSP!$C$5:$C$3000,A25,AHSP!$J$5:$J$3000,"Bahan") -> 14.88375 | E25: kg | F25: sak 20 kg | G25: 20 | H25: =MAX(0,ROUNDUP(D25/G25-0.0001,0)) -> 1 | I25: 85000 | J25: =I25/G25 -> 4250 | K25: =D25*J25 -> 63255.938 | L25: — | M25: Estimasi — belum ada sumber | N25: Estimasi | O25: Tidak
A26: GRN | B26: Granit HT 60×60 | C26: KW1, 4 keping/dus | D26: =SUMIFS(AHSP!$L$5:$L$3000,AHSP!$C$5:$C$3000,A26,AHSP!$J$5:$J$3000,"Bahan") -> 37.4325 | E26: m² | F26: dus | G26: 1.44 | H26: =MAX(0,ROUNDUP(D26/G26-0.0001,0)) -> 26 | I26: 195000 | J26: =I26/G26 -> 135416.67 | K26: =D26*J26 -> 5068984.4 | L26: buka toko | M26: Median 3 toko Jabodetabek (Tokopedia) | N26: Harga acuan | O26: Tidak
A27: KKM | B27: Keramik lantai KM anti-slip 25×25 | D27: =SUMIFS(AHSP!$L$5:$L$3000,AHSP!$C$5:$C$3000,A27,AHSP!$J$5:$J$3000,"Bahan") -> 3.3 | E27: m² | F27: dus (±1 m²) | G27: 1 | H27: =MAX(0,ROUNDUP(D27/G27-0.0001,0)) -> 4 | I27: 85000 | J27: =I27/G27 -> 85000 | K27: =D27*J27 -> 280500 | L27: — | M27: Estimasi — belum ada sumber | N27: Estimasi | O27: Tidak
A28: KDW | B28: Keramik dinding KM 25×40 | D28: =SUMIFS(AHSP!$L$5:$L$3000,AHSP!$C$5:$C$3000,A28,AHSP!$J$5:$J$3000,"Bahan") -> 16.94 | E28: m² | F28: dus (±1 m²) | G28: 1 | H28: =MAX(0,ROUNDUP(D28/G28-0.0001,0)) -> 17 | I28: 70000 | J28: =I28/G28 -> 70000 | K28: =D28*J28 -> 1185800 | L28: buka toko | M28: Toko Kab. Bogor (Tokopedia) | N28: Harga acuan | O28: Tidak
A29: KTR | B29: Keramik teras 40×40 | C29: 6 keping/dus | D29: =SUMIFS(AHSP!$L$5:$L$3000,AHSP!$C$5:$C$3000,A29,AHSP!$J$5:$J$3000,"Bahan") -> 4.95 | E29: m² | F29: dus | G29: 0.96 | H29: =MAX(0,ROUNDUP(D29/G29-0.0001,0)) -> 6 | I29: 60000 | J29: =I29/G29 -> 62500 | K29: =D29*J29 -> 309375 | L29: buka toko | M29: Toko Kab. Bogor (Tokopedia) | N29: Harga acuan | O29: Tidak
A30: NAT | B30: Semen warna / nat | D30: =SUMIFS(AHSP!$L$5:$L$3000,AHSP!$C$5:$C$3000,A30,AHSP!$J$5:$J$3000,"Bahan") -> 24.865 | E30: kg | F30: bungkus 1 kg | G30: 1 | H30: =MAX(0,ROUNDUP(D30/G30-0.0001,0)) -> 25 | I30: 15000 | J30: =I30/G30 -> 15000 | K30: =D30*J30 -> 372975 | L30: — | M30: Estimasi — belum ada sumber | N30: Estimasi | O30: Tidak
A31: PLM | B31: Plamir tembok | D31: =SUMIFS(AHSP!$L$5:$L$3000,AHSP!$C$5:$C$3000,A31,AHSP!$J$5:$J$3000,"Bahan") -> 17.421915 | E31: kg | F31: galon 5 kg | G31: 5 | H31: =MAX(0,ROUNDUP(D31/G31-0.0001,0)) -> 4 | I31: 150000 | J31: =I31/G31 -> 30000 | K31: =D31*J31 -> 522657.45 | L31: — | M31: Estimasi — belum ada sumber | N31: Estimasi | O31: Tidak
A32: CDI | B32: Cat dasar interior | D32: =SUMIFS(AHSP!$L$5:$L$3000,AHSP!$C$5:$C$3000,A32,AHSP!$J$5:$J$3000,"Bahan") -> 17.421915 | E32: kg | F32: galon 5 kg | G32: 5 | H32: =MAX(0,ROUNDUP(D32/G32-0.0001,0)) -> 4 | I32: 200000 | J32: =I32/G32 -> 40000 | K32: =D32*J32 -> 696876.6 | L32: — | M32: Estimasi — belum ada sumber | N32: Estimasi | O32: Tidak
A33: CTL | B33: Cat Catylac interior | D33: =SUMIFS(AHSP!$L$5:$L$3000,AHSP!$C$5:$C$3000,A33,AHSP!$J$5:$J$3000,"Bahan") -> 45.296979 | E33: kg | F33: galon 5 kg | G33: 5 | H33: =MAX(0,ROUNDUP(D33/G33-0.0001,0)) -> 10 | I33: 224000 | J33: =I33/G33 -> 44800 | K33: =D33*J33 -> 2029304.7 | L33: buka toko | M33: Median 3 toko (Tokopedia) | N33: Harga acuan | O33: Tidak
A34: CDE | B34: Cat dasar eksterior | D34: =SUMIFS(AHSP!$L$5:$L$3000,AHSP!$C$5:$C$3000,A34,AHSP!$J$5:$J$3000,"Bahan") -> 8.860877 | E34: kg | F34: galon 4 kg | G34: 4 | H34: =MAX(0,ROUNDUP(D34/G34-0.0001,0)) -> 3 | I34: 347500 | J34: =I34/G34 -> 86875 | K34: =D34*J34 -> 769788.69 | L34: buka toko | M34: Toko Depok (Tokopedia) | N34: Harga acuan | O34: Tidak
A35: WSH | B35: Dulux Weathershield | C35: eksterior | D35: =SUMIFS(AHSP!$L$5:$L$3000,AHSP!$C$5:$C$3000,A35,AHSP!$J$5:$J$3000,"Bahan") -> 17.065205 | E35: liter | F35: galon 2,5 L | G35: 2.5 | H35: =MAX(0,ROUNDUP(D35/G35-0.0001,0)) -> 7 | I35: 490720 | J35: =I35/G35 -> 196288 | K35: =D35*J35 -> 3349695 | L35: buka toko | M35: Median 3 toko (Tokopedia) | N35: Harga acuan | O35: Tidak
A36: PAW | B36: Pipa PVC AW ½" | C36: 4 m | D36: =SUMIFS(AHSP!$L$5:$L$3000,AHSP!$C$5:$C$3000,A36,AHSP!$J$5:$J$3000,"Bahan") -> 27.5 | E36: m | F36: batang | G36: 4 | H36: =MAX(0,ROUNDUP(D36/G36-0.0001,0)) -> 7 | I36: 38000 | J36: =I36/G36 -> 9500 | K36: =D36*J36 -> 261250 | L36: — | M36: Estimasi — belum ada sumber | N36: Estimasi | O36: Tidak
A37: PD3 | B37: Pipa PVC D 3" | C37: 4 m | D37: =SUMIFS(AHSP!$L$5:$L$3000,AHSP!$C$5:$C$3000,A37,AHSP!$J$5:$J$3000,"Bahan") -> 11 | E37: m | F37: batang | G37: 4 | H37: =MAX(0,ROUNDUP(D37/G37-0.0001,0)) -> 3 | I37: 160000 | J37: =I37/G37 -> 40000 | K37: =D37*J37 -> 440000 | L37: — | M37: Estimasi — belum ada sumber | N37: Estimasi | O37: Tidak
A38: PD4 | B38: Pipa PVC D 4" | C38: 4 m | D38: =SUMIFS(AHSP!$L$5:$L$3000,AHSP!$C$5:$C$3000,A38,AHSP!$J$5:$J$3000,"Bahan") -> 8.8 | E38: m | F38: batang | G38: 4 | H38: =MAX(0,ROUNDUP(D38/G38-0.0001,0)) -> 3 | I38: 230000 | J38: =I38/G38 -> 57500 | K38: =D38*J38 -> 506000 | L38: — | M38: Estimasi — belum ada sumber | N38: Estimasi | O38: Tidak
A39: FTP | B39: Fitting, lem & klem pipa | C39: per meter pipa | D39: =SUMIFS(AHSP!$L$5:$L$3000,AHSP!$C$5:$C$3000,A39,AHSP!$J$5:$J$3000,"Bahan") -> 43 | E39: m | F39: paket per m | G39: 1 | H39: =MAX(0,ROUNDUP(D39/G39-0.0001,0)) -> 43 | I39: 7500 | J39: =I39/G39 -> 7500 | K39: =D39*J39 -> 322500 | L39: — | M39: Estimasi — belum ada sumber | N39: Estimasi | O39: Tidak
A40: K15 | B40: Kabel NYM 2×1,5 mm² | D40: =SUMIFS(AHSP!$L$5:$L$3000,AHSP!$C$5:$C$3000,A40,AHSP!$J$5:$J$3000,"Bahan") -> 126.5 | E40: m | F40: roll 50 m | G40: 50 | H40: =MAX(0,ROUNDUP(D40/G40-0.0001,0)) -> 3 | I40: 575000 | J40: =I40/G40 -> 11500 | K40: =D40*J40 -> 1454750 | L40: — | M40: Estimasi — belum ada sumber | N40: Estimasi | O40: Tidak
A41: K25 | B41: Kabel NYM 3×2,5 mm² | D41: =SUMIFS(AHSP!$L$5:$L$3000,AHSP!$C$5:$C$3000,A41,AHSP!$J$5:$J$3000,"Bahan") -> 77 | E41: m | F41: roll 50 m | G41: 50 | H41: =MAX(0,ROUNDUP(D41/G41-0.0001,0)) -> 2 | I41: 1350000 | J41: =I41/G41 -> 27000 | K41: =D41*J41 -> 2079000 | L41: — | M41: SSH Badung & RAB profesional (bangun.com) | N41: Harga acuan | O41: Tidak
A42: CDT | B42: Pipa conduit 20 mm | C42: 3 m | D42: =SUMIFS(AHSP!$L$5:$L$3000,AHSP!$C$5:$C$3000,A42,AHSP!$J$5:$J$3000,"Bahan") -> 203.5 | E42: m | F42: batang | G42: 3 | H42: =MAX(0,ROUNDUP(D42/G42-0.0001,0)) -> 68 | I42: 12000 | J42: =I42/G42 -> 4000 | K42: =D42*J42 -> 814000 | L42: — | M42: Estimasi — belum ada sumber | N42: Estimasi | O42: Tidak
A43: SKL | B43: Saklar / stop kontak | C43: standar | D43: =SUMIFS(AHSP!$L$5:$L$3000,AHSP!$C$5:$C$3000,A43,AHSP!$J$5:$J$3000,"Bahan") -> 14 | E43: buah | F43: buah | G43: 1 | H43: =MAX(0,ROUNDUP(D43/G43-0.0001,0)) -> 14 | I43: 35000 | J43: =I43/G43 -> 35000 | K43: =D43*J43 -> 490000 | L43: — | M43: Estimasi — belum ada sumber | N43: Estimasi | O43: Tidak
A44: DLT | B44: Lampu downlight LED 9 W | D44: =SUMIFS(AHSP!$L$5:$L$3000,AHSP!$C$5:$C$3000,A44,AHSP!$J$5:$J$3000,"Bahan") -> 10 | E44: buah | F44: buah | G44: 1 | H44: =MAX(0,ROUNDUP(D44/G44-0.0001,0)) -> 10 | I44: 90000 | J44: =I44/G44 -> 90000 | K44: =D44*J44 -> 900000 | L44: — | M44: Estimasi — belum ada sumber | N44: Estimasi | O44: Tidak
A45: MCB | B45: Box MCB 6 grup + MCB | D45: =SUMIFS(AHSP!$L$5:$L$3000,AHSP!$C$5:$C$3000,A45,AHSP!$J$5:$J$3000,"Bahan") -> 1 | E45: set | F45: set | G45: 1 | H45: =MAX(0,ROUNDUP(D45/G45-0.0001,0)) -> 1 | I45: 700000 | J45: =I45/G45 -> 700000 | K45: =D45*J45 -> 700000 | L45: — | M45: Estimasi — belum ada sumber | N45: Estimasi | O45: Tidak
A46: PKT | B46: Daun pintu kamar HPL | C46: ±80×200 | D46: =SUMIFS(AHSP!$L$5:$L$3000,AHSP!$C$5:$C$3000,A46,AHSP!$J$5:$J$3000,"Bahan") -> 3 | E46: buah | F46: buah | G46: 1 | H46: =MAX(0,ROUNDUP(D46/G46-0.0001,0)) -> 3 | I46: 925000 | J46: =I46/G46 -> 925000 | K46: =D46*J46 -> 2775000 | L46: — | M46: Rimba Doors (Tokopedia) | N46: Harga acuan | O46: Tidak
A47: KSN | B47: Kusen pintu aluminium 3" | D47: =SUMIFS(AHSP!$L$5:$L$3000,AHSP!$C$5:$C$3000,A47,AHSP!$J$5:$J$3000,"Bahan") -> 3 | E47: set | F47: set | G47: 1 | H47: =MAX(0,ROUNDUP(D47/G47-0.0001,0)) -> 3 | I47: 415000 | J47: =I47/G47 -> 415000 | K47: =D47*J47 -> 1245000 | L47: buka toko | M47: Toko Mojokerto (Tokopedia) | N47: Harga acuan | O47: Tidak
A48: KNC | B48: Kunci & engsel pintu | C48: set standar | D48: =SUMIFS(AHSP!$L$5:$L$3000,AHSP!$C$5:$C$3000,A48,AHSP!$J$5:$J$3000,"Bahan") -> 3 | E48: set | F48: set | G48: 1 | H48: =MAX(0,ROUNDUP(D48/G48-0.0001,0)) -> 3 | I48: 291200 | J48: =I48/G48 -> 291200 | K48: =D48*J48 -> 873600 | L48: buka toko | M48: Rata-rata pasar kunci Solid (Tokopedia) | N48: Harga acuan | O48: Tidak
A49: PKM | B49: Pintu KM PVC | C49: set | D49: =SUMIFS(AHSP!$L$5:$L$3000,AHSP!$C$5:$C$3000,A49,AHSP!$J$5:$J$3000,"Bahan") -> 1 | E49: set | F49: set | G49: 1 | H49: =MAX(0,ROUNDUP(D49/G49-0.0001,0)) -> 1 | I49: 949900 | J49: =I49/G49 -> 949900 | K49: =D49*J49 -> 949900 | L49: buka toko | M49: Maxbuilt (ruparupa) | N49: Harga acuan | O49: Tidak
A50: KLS | B50: Kloset duduk | C50: monoblok standar | D50: =SUMIFS(AHSP!$L$5:$L$3000,AHSP!$C$5:$C$3000,A50,AHSP!$J$5:$J$3000,"Bahan") -> 1 | E50: unit | F50: unit | G50: 1 | H50: =MAX(0,ROUNDUP(D50/G50-0.0001,0)) -> 1 | I50: 1982500 | J50: =I50/G50 -> 1982500 | K50: =D50*J50 -> 1982500 | L50: buka toko | M50: Pondok Keramik (Tokopedia) | N50: Harga acuan | O50: Tidak
A51: JTS | B51: Jet shower | D51: =SUMIFS(AHSP!$L$5:$L$3000,AHSP!$C$5:$C$3000,A51,AHSP!$J$5:$J$3000,"Bahan") -> 1 | E51: buah | F51: buah | G51: 1 | H51: =MAX(0,ROUNDUP(D51/G51-0.0001,0)) -> 1 | I51: 150000 | J51: =I51/G51 -> 150000 | K51: =D51*J51 -> 150000 | L51: — | M51: Estimasi — belum ada sumber | N51: Estimasi | O51: Tidak
A52: SHW | B52: Shower set | C52: standar | D52: =SUMIFS(AHSP!$L$5:$L$3000,AHSP!$C$5:$C$3000,A52,AHSP!$J$5:$J$3000,"Bahan") -> 1 | E52: set | F52: set | G52: 1 | H52: =MAX(0,ROUNDUP(D52/G52-0.0001,0)) -> 1 | I52: 425000 | J52: =I52/G52 -> 425000 | K52: =D52*J52 -> 425000 | L52: — | M52: Estimasi — belum ada sumber | N52: Estimasi | O52: Tidak
A53: WST | B53: Wastafel + kran | C53: standar | D53: =SUMIFS(AHSP!$L$5:$L$3000,AHSP!$C$5:$C$3000,A53,AHSP!$J$5:$J$3000,"Bahan") -> 1 | E53: unit | F53: unit | G53: 1 | H53: =MAX(0,ROUNDUP(D53/G53-0.0001,0)) -> 1 | I53: 800000 | J53: =I53/G53 -> 800000 | K53: =D53*J53 -> 800000 | L53: — | M53: Estimasi — belum ada sumber | N53: Estimasi | O53: Tidak
A54: FDR | B54: Floor drain | D54: =SUMIFS(AHSP!$L$5:$L$3000,AHSP!$C$5:$C$3000,A54,AHSP!$J$5:$J$3000,"Bahan") -> 2 | E54: buah | F54: buah | G54: 1 | H54: =MAX(0,ROUNDUP(D54/G54-0.0001,0)) -> 2 | I54: 80000 | J54: =I54/G54 -> 80000 | K54: =D54*J54 -> 160000 | L54: — | M54: Estimasi — belum ada sumber | N54: Estimasi | O54: Tidak
A55: KRN | B55: Kran air | D55: =SUMIFS(AHSP!$L$5:$L$3000,AHSP!$C$5:$C$3000,A55,AHSP!$J$5:$J$3000,"Bahan") -> 4 | E55: buah | F55: buah | G55: 1 | H55: =MAX(0,ROUNDUP(D55/G55-0.0001,0)) -> 4 | I55: 110000 | J55: =I55/G55 -> 110000 | K55: =D55*J55 -> 440000 | L55: — | M55: Estimasi — belum ada sumber | N55: Estimasi | O55: Tidak
A56: TRN | B56: Toren 1.000 L | D56: =SUMIFS(AHSP!$L$5:$L$3000,AHSP!$C$5:$C$3000,A56,AHSP!$J$5:$J$3000,"Bahan") -> 1 | E56: unit | F56: unit | G56: 1 | H56: =MAX(0,ROUNDUP(D56/G56-0.0001,0)) -> 1 | I56: 2300000 | J56: =I56/G56 -> 2300000 | K56: =D56*J56 -> 2300000 | L56: — | M56: Estimasi — belum ada sumber | N56: Estimasi | O56: Tidak
A57: PMP | B57: Pompa air 125 W | D57: =SUMIFS(AHSP!$L$5:$L$3000,AHSP!$C$5:$C$3000,A57,AHSP!$J$5:$J$3000,"Bahan") -> 1 | E57: unit | F57: unit | G57: 1 | H57: =MAX(0,ROUNDUP(D57/G57-0.0001,0)) -> 1 | I57: 800000 | J57: =I57/G57 -> 800000 | K57: =D57*J57 -> 800000 | L57: — | M57: Estimasi — belum ada sumber | N57: Estimasi | O57: Tidak
A58: MDP | B58: Bahan meja dapur | C58: beton, keramik top & backsplash | D58: =SUMIFS(AHSP!$L$5:$L$3000,AHSP!$C$5:$C$3000,A58,AHSP!$J$5:$J$3000,"Bahan") -> 1 | E58: paket | F58: paket | G58: 1 | H58: =MAX(0,ROUNDUP(D58/G58-0.0001,0)) -> 1 | I58: 2500000 | J58: =I58/G58 -> 2500000 | K58: =D58*J58 -> 2500000 | L58: — | M58: Estimasi — belum ada sumber | N58: Estimasi | O58: Tidak
A59: SNK | B59: Sink stainless + kran dapur | D59: =SUMIFS(AHSP!$L$5:$L$3000,AHSP!$C$5:$C$3000,A59,AHSP!$J$5:$J$3000,"Bahan") -> 1 | E59: set | F59: set | G59: 1 | H59: =MAX(0,ROUNDUP(D59/G59-0.0001,0)) -> 1 | I59: 900000 | J59: =I59/G59 -> 900000 | K59: =D59*J59 -> 900000 | L59: — | M59: Estimasi — belum ada sumber | N59: Estimasi | O59: Tidak
A60: KYB | B60: Kayu bouwplank | C60: per m² bangunan | D60: =SUMIFS(AHSP!$L$5:$L$3000,AHSP!$C$5:$C$3000,A60,AHSP!$J$5:$J$3000,"Bahan") -> 36 | E60: m² | F60: m² | G60: 1 | H60: =MAX(0,ROUNDUP(D60/G60-0.0001,0)) -> 36 | I60: 3000 | J60: =I60/G60 -> 3000 | K60: =D60*J60 -> 108000 | L60: — | M60: Estimasi — belum ada sumber | N60: Estimasi | O60: Tidak
A61: AIR | B61: Air & listrik kerja | D61: =SUMIFS(AHSP!$L$5:$L$3000,AHSP!$C$5:$C$3000,A61,AHSP!$J$5:$J$3000,"Bahan") -> 1 | E61: lot | F61: lot | G61: 1 | H61: =MAX(0,ROUNDUP(D61/G61-0.0001,0)) -> 1 | I61: 1500000 | J61: =I61/G61 -> 1500000 | K61: =D61*J61 -> 1500000 | L61: — | M61: Estimasi — belum ada sumber | N61: Estimasi | O61: Tidak
B62: TOTAL BELANJA BAHAN | K62: =SUM(K5:K61) -> 94881460
B63: di antaranya bahan curah (sudah termasuk kirim) | K63: =SUMIF(O5:O61,"Ya",K5:K61) -> 13555583
A65: PEKERJAAN TERPASANG — beli dari toko/aplikator, harga sudah termasuk jasa pasang
A66: Kode | B66: Pekerjaan | D66: Volume | E66: Satuan | I66: Harga terpasang / sat | K66: BIAYA | L66: Link toko online | M66: Asal harga | N66: Referensi
A67: PK01 | B67: Rangka atap baja ringan | D67: =AHSP!$K$270 -> 59.859676 | E67: m² | I67: 201600 | K67: =D67*I67 -> 12067711 | L67: — | M67: Aplikator via detikProperti + penawaran kontraktor | N67: Harga acuan
A68: PK02 | B68: Lisplang GRC 20 cm | D68: =AHSP!$K$305 -> 31.027688 | E68: m' | I68: 90000 | K68: =D68*I68 -> 2792491.9 | L68: — | M68: ATP-LSP-01 | N68: Estimasi
A69: PK03 | B69: Pintu utama aluminium + kusen + kunci | D69: =AHSP!$K$402 -> 1 | E69: unit | I69: 2796200 | K69: =D69*I69 -> 2796200 | L69: buka toko | M69: Toko aluminium (Tokopedia) | N69: Harga acuan
A70: PK04 | B70: Jendela aluminium + kaca | D70: =AHSP!$K$437 -> 5.76 | E70: m² | I70: 1547000 | K70: =D70*I70 -> 8910720 | L70: buka toko | M70: Toko & penawaran kontraktor | N70: Harga acuan
A71: PK05 | B71: Bovenlight KM kaca mati | D71: =AHSP!$K$446 -> 0.2 | E71: m² | I71: 950000 | K71: =D71*I71 -> 190000 | L71: — | M71: JND-05 | N71: Estimasi
A72: PK06 | B72: Septictank biofil 1.000 L | D72: =AHSP!$K$612 -> 1 | E72: unit | I72: 3762900 | K72: =D72*I72 -> 3762900 | L72: — | M72: Penawaran kontraktor (arsip) | N72: Harga acuan
A73: PK07 | B73: Kanopi baja ringan + Alderon | D73: =AHSP!$K$694 -> 15 | E73: m² | I73: 600000 | K73: =D73*I73 -> 9000000 | L73: — | M73: Bank Mega Syariah 2026 | N73: Harga acuan
A74: PK08 | B74: Pagar besi hollow | D74: =AHSP!$K$723 -> 3.6 | E74: m² | I74: 895900 | K74: =D74*I74 -> 3225240 | L74: — | M74: Penawaran kontraktor (arsip) | N74: Harga acuan
A75: PK09 | B75: Pintu pagar geser | D75: =AHSP!$K$732 -> 5.4 | E75: m² | I75: 1650000 | K75: =D75*I75 -> 8910000 | L75: — | M75: PPG-02 | N75: Estimasi
A76: PK10 | B76: Rel + roda pintu pagar | D76: =AHSP!$K$741 -> 1 | E76: set | I76: 650000 | K76: =D76*I76 -> 650000 | L76: — | M76: PPG-05 | N76: Estimasi
B77: TOTAL PEKERJAAN TERPASANG | K77: =SUM(K67:K76) -> 52305263

Sheet Perhitungan Upah
A1: PERHITUNGAN UPAH TUKANG
A2: Isi upah harian sesuai tarif di lokasi Anda (sel kuning). Kebutuhan tenaga dihitung otomatis dari volume × koefisien AHSP; upah = kebutuhan × upah per hari.
A4: Jenis tenaga | B4: Kode | C4: Upah per hari | D4: Keterangan
A5: Pekerja | B5: PKJ | C5: 130500 | D5: Acuan DKI 2026
A6: Tukang batu | B6: TKG | C6: 175300 | D6: Acuan DKI 2026
A7: Tukang kayu | B7: TKY | C7: 174700 | D7: Acuan DKI 2026
A8: Tukang besi | B8: TBS | C8: 174700 | D8: Acuan DKI 2026
A9: Tukang cat | B9: TCT | C9: 165000 | D9: Acuan DKI 2026
A10: Tukang listrik | B10: TLS | C10: 182800 | D10: Acuan DKI 2026
A11: Tukang pipa | B11: TPP | C11: 184400 | D11: Acuan DKI 2026
A12: Kepala tukang | B12: KTK | C12: 198900 | D12: Acuan DKI 2026
A13: Mandor | B13: MDR | C13: 228300 | D13: Acuan DKI 2026
A14: Sumber acuan: triangulasi harga pasar Jakarta, RAB kontraktor profesional (Indeks Biaya Bangun, bangun.com), dan standar upah resmi.
A16: KEBUTUHAN TENAGA & UPAH PER TAHAP
A17: Kebutuhan (orang-hari) = volume × koefisien AHSP. Upah = kebutuhan × upah per hari. Angka ini sama untuk swakelola dan borongan.
A18: Tahap / jenis tenaga | B18: Kode | C18: Kebutuhan (orang-hari) | D18: Upah per hari | E18: UPAH
A19: I. PERSIAPAN | C19: =SUM(C20:C28) -> 18.6 | E19: =SUM(E20:E28) -> 2506860
A20: Pekerja | B20: PKJ | C20: =SUMIFS(AHSP!$L$5:$L$3000,AHSP!$I$5:$I$3000,"I",AHSP!$C$5:$C$3000,B20,AHSP!$J$5:$J$3000,"Upah") -> 16.8 | D20: =INDEX('Perhitungan Upah'!$C$5:$C$13,MATCH(B20,'Perhitungan Upah'!$B$5:$B$13,0)) -> 130500 | E20: =C20*D20 -> 2192400
A21: Tukang batu | B21: TKG | C21: =SUMIFS(AHSP!$L$5:$L$3000,AHSP!$I$5:$I$3000,"I",AHSP!$C$5:$C$3000,B21,AHSP!$J$5:$J$3000,"Upah") -> 0 | D21: =INDEX('Perhitungan Upah'!$C$5:$C$13,MATCH(B21,'Perhitungan Upah'!$B$5:$B$13,0)) -> 175300 | E21: =C21*D21 -> 0
A22: Tukang kayu | B22: TKY | C22: =SUMIFS(AHSP!$L$5:$L$3000,AHSP!$I$5:$I$3000,"I",AHSP!$C$5:$C$3000,B22,AHSP!$J$5:$J$3000,"Upah") -> 1.8 | D22: =INDEX('Perhitungan Upah'!$C$5:$C$13,MATCH(B22,'Perhitungan Upah'!$B$5:$B$13,0)) -> 174700 | E22: =C22*D22 -> 314460
A23: Tukang besi | B23: TBS | C23: =SUMIFS(AHSP!$L$5:$L$3000,AHSP!$I$5:$I$3000,"I",AHSP!$C$5:$C$3000,B23,AHSP!$J$5:$J$3000,"Upah") -> 0 | D23: =INDEX('Perhitungan Upah'!$C$5:$C$13,MATCH(B23,'Perhitungan Upah'!$B$5:$B$13,0)) -> 174700 | E23: =C23*D23 -> 0
A24: Tukang cat | B24: TCT | C24: =SUMIFS(AHSP!$L$5:$L$3000,AHSP!$I$5:$I$3000,"I",AHSP!$C$5:$C$3000,B24,AHSP!$J$5:$J$3000,"Upah") -> 0 | D24: =INDEX('Perhitungan Upah'!$C$5:$C$13,MATCH(B24,'Perhitungan Upah'!$B$5:$B$13,0)) -> 165000 | E24: =C24*D24 -> 0
A25: Tukang listrik | B25: TLS | C25: =SUMIFS(AHSP!$L$5:$L$3000,AHSP!$I$5:$I$3000,"I",AHSP!$C$5:$C$3000,B25,AHSP!$J$5:$J$3000,"Upah") -> 0 | D25: =INDEX('Perhitungan Upah'!$C$5:$C$13,MATCH(B25,'Perhitungan Upah'!$B$5:$B$13,0)) -> 182800 | E25: =C25*D25 -> 0
A26: Tukang pipa | B26: TPP | C26: =SUMIFS(AHSP!$L$5:$L$3000,AHSP!$I$5:$I$3000,"I",AHSP!$C$5:$C$3000,B26,AHSP!$J$5:$J$3000,"Upah") -> 0 | D26: =INDEX('Perhitungan Upah'!$C$5:$C$13,MATCH(B26,'Perhitungan Upah'!$B$5:$B$13,0)) -> 184400 | E26: =C26*D26 -> 0
A27: Kepala tukang | B27: KTK | C27: =SUMIFS(AHSP!$L$5:$L$3000,AHSP!$I$5:$I$3000,"I",AHSP!$C$5:$C$3000,B27,AHSP!$J$5:$J$3000,"Upah") -> 0 | D27: =INDEX('Perhitungan Upah'!$C$5:$C$13,MATCH(B27,'Perhitungan Upah'!$B$5:$B$13,0)) -> 198900 | E27: =C27*D27 -> 0
A28: Mandor | B28: MDR | C28: =SUMIFS(AHSP!$L$5:$L$3000,AHSP!$I$5:$I$3000,"I",AHSP!$C$5:$C$3000,B28,AHSP!$J$5:$J$3000,"Upah") -> 0 | D28: =INDEX('Perhitungan Upah'!$C$5:$C$13,MATCH(B28,'Perhitungan Upah'!$B$5:$B$13,0)) -> 228300 | E28: =C28*D28 -> 0
A29: II. TANAH & PONDASI | C29: =SUM(C30:C38) -> 39.774065 | E29: =SUM(E30:E38) -> 5569054.4
A30: Pekerja | B30: PKJ | C30: =SUMIFS(AHSP!$L$5:$L$3000,AHSP!$I$5:$I$3000,"II",AHSP!$C$5:$C$3000,B30,AHSP!$J$5:$J$3000,"Upah") -> 33.095981 | D30: =INDEX('Perhitungan Upah'!$C$5:$C$13,MATCH(B30,'Perhitungan Upah'!$B$5:$B$13,0)) -> 130500 | E30: =C30*D30 -> 4319025.6
A31: Tukang batu | B31: TKG | C31: =SUMIFS(AHSP!$L$5:$L$3000,AHSP!$I$5:$I$3000,"II",AHSP!$C$5:$C$3000,B31,AHSP!$J$5:$J$3000,"Upah") -> 4.908195 | D31: =INDEX('Perhitungan Upah'!$C$5:$C$13,MATCH(B31,'Perhitungan Upah'!$B$5:$B$13,0)) -> 175300 | E31: =C31*D31 -> 860406.58
A32: Tukang kayu | B32: TKY | C32: =SUMIFS(AHSP!$L$5:$L$3000,AHSP!$I$5:$I$3000,"II",AHSP!$C$5:$C$3000,B32,AHSP!$J$5:$J$3000,"Upah") -> 0 | D32: =INDEX('Perhitungan Upah'!$C$5:$C$13,MATCH(B32,'Perhitungan Upah'!$B$5:$B$13,0)) -> 174700 | E32: =C32*D32 -> 0
A33: Tukang besi | B33: TBS | C33: =SUMIFS(AHSP!$L$5:$L$3000,AHSP!$I$5:$I$3000,"II",AHSP!$C$5:$C$3000,B33,AHSP!$J$5:$J$3000,"Upah") -> 0 | D33: =INDEX('Perhitungan Upah'!$C$5:$C$13,MATCH(B33,'Perhitungan Upah'!$B$5:$B$13,0)) -> 174700 | E33: =C33*D33 -> 0
A34: Tukang cat | B34: TCT | C34: =SUMIFS(AHSP!$L$5:$L$3000,AHSP!$I$5:$I$3000,"II",AHSP!$C$5:$C$3000,B34,AHSP!$J$5:$J$3000,"Upah") -> 0 | D34: =INDEX('Perhitungan Upah'!$C$5:$C$13,MATCH(B34,'Perhitungan Upah'!$B$5:$B$13,0)) -> 165000 | E34: =C34*D34 -> 0
A35: Tukang listrik | B35: TLS | C35: =SUMIFS(AHSP!$L$5:$L$3000,AHSP!$I$5:$I$3000,"II",AHSP!$C$5:$C$3000,B35,AHSP!$J$5:$J$3000,"Upah") -> 0 | D35: =INDEX('Perhitungan Upah'!$C$5:$C$13,MATCH(B35,'Perhitungan Upah'!$B$5:$B$13,0)) -> 182800 | E35: =C35*D35 -> 0
A36: Tukang pipa | B36: TPP | C36: =SUMIFS(AHSP!$L$5:$L$3000,AHSP!$I$5:$I$3000,"II",AHSP!$C$5:$C$3000,B36,AHSP!$J$5:$J$3000,"Upah") -> 0 | D36: =INDEX('Perhitungan Upah'!$C$5:$C$13,MATCH(B36,'Perhitungan Upah'!$B$5:$B$13,0)) -> 184400 | E36: =C36*D36 -> 0
A37: Kepala tukang | B37: KTK | C37: =SUMIFS(AHSP!$L$5:$L$3000,AHSP!$I$5:$I$3000,"II",AHSP!$C$5:$C$3000,B37,AHSP!$J$5:$J$3000,"Upah") -> 0.491265 | D37: =INDEX('Perhitungan Upah'!$C$5:$C$13,MATCH(B37,'Perhitungan Upah'!$B$5:$B$13,0)) -> 198900 | E37: =C37*D37 -> 97712.609
A38: Mandor | B38: MDR | C38: =SUMIFS(AHSP!$L$5:$L$3000,AHSP!$I$5:$I$3000,"II",AHSP!$C$5:$C$3000,B38,AHSP!$J$5:$J$3000,"Upah") -> 1.2786233 | D38: =INDEX('Perhitungan Upah'!$C$5:$C$13,MATCH(B38,'Perhitungan Upah'!$B$5:$B$13,0)) -> 228300 | E38: =C38*D38 -> 291909.69
A39: III. STRUKTUR BETON | C39: =SUM(C40:C48) -> 29.194374 | E39: =SUM(E40:E48) -> 4387790.1
A40: Pekerja | B40: PKJ | C40: =SUMIFS(AHSP!$L$5:$L$3000,AHSP!$I$5:$I$3000,"III",AHSP!$C$5:$C$3000,B40,AHSP!$J$5:$J$3000,"Upah") -> 17.750218 | D40: =INDEX('Perhitungan Upah'!$C$5:$C$13,MATCH(B40,'Perhitungan Upah'!$B$5:$B$13,0)) -> 130500 | E40: =C40*D40 -> 2316403.4
A41: Tukang batu | B41: TKG | C41: =SUMIFS(AHSP!$L$5:$L$3000,AHSP!$I$5:$I$3000,"III",AHSP!$C$5:$C$3000,B41,AHSP!$J$5:$J$3000,"Upah") -> 0.35682283 | D41: =INDEX('Perhitungan Upah'!$C$5:$C$13,MATCH(B41,'Perhitungan Upah'!$B$5:$B$13,0)) -> 175300 | E41: =C41*D41 -> 62551.042
A42: Tukang kayu | B42: TKY | C42: =SUMIFS(AHSP!$L$5:$L$3000,AHSP!$I$5:$I$3000,"III",AHSP!$C$5:$C$3000,B42,AHSP!$J$5:$J$3000,"Upah") -> 6.3897329 | D42: =INDEX('Perhitungan Upah'!$C$5:$C$13,MATCH(B42,'Perhitungan Upah'!$B$5:$B$13,0)) -> 174700 | E42: =C42*D42 -> 1116286.3
A43: Tukang besi | B43: TBS | C43: =SUMIFS(AHSP!$L$5:$L$3000,AHSP!$I$5:$I$3000,"III",AHSP!$C$5:$C$3000,B43,AHSP!$J$5:$J$3000,"Upah") -> 2.8309515 | D43: =INDEX('Perhitungan Upah'!$C$5:$C$13,MATCH(B43,'Perhitungan Upah'!$B$5:$B$13,0)) -> 174700 | E43: =C43*D43 -> 494567.22
A44: Tukang cat | B44: TCT | C44: =SUMIFS(AHSP!$L$5:$L$3000,AHSP!$I$5:$I$3000,"III",AHSP!$C$5:$C$3000,B44,AHSP!$J$5:$J$3000,"Upah") -> 0 | D44: =INDEX('Perhitungan Upah'!$C$5:$C$13,MATCH(B44,'Perhitungan Upah'!$B$5:$B$13,0)) -> 165000 | E44: =C44*D44 -> 0
A45: Tukang listrik | B45: TLS | C45: =SUMIFS(AHSP!$L$5:$L$3000,AHSP!$I$5:$I$3000,"III",AHSP!$C$5:$C$3000,B45,AHSP!$J$5:$J$3000,"Upah") -> 0 | D45: =INDEX('Perhitungan Upah'!$C$5:$C$13,MATCH(B45,'Perhitungan Upah'!$B$5:$B$13,0)) -> 182800 | E45: =C45*D45 -> 0
A46: Tukang pipa | B46: TPP | C46: =SUMIFS(AHSP!$L$5:$L$3000,AHSP!$I$5:$I$3000,"III",AHSP!$C$5:$C$3000,B46,AHSP!$J$5:$J$3000,"Upah") -> 0 | D46: =INDEX('Perhitungan Upah'!$C$5:$C$13,MATCH(B46,'Perhitungan Upah'!$B$5:$B$13,0)) -> 184400 | E46: =C46*D46 -> 0
A47: Kepala tukang | B47: KTK | C47: =SUMIFS(AHSP!$L$5:$L$3000,AHSP!$I$5:$I$3000,"III",AHSP!$C$5:$C$3000,B47,AHSP!$J$5:$J$3000,"Upah") -> 0.95829658 | D47: =INDEX('Perhitungan Upah'!$C$5:$C$13,MATCH(B47,'Perhitungan Upah'!$B$5:$B$13,0)) -> 198900 | E47: =C47*D47 -> 190605.19
A48: Mandor | B48: MDR | C48: =SUMIFS(AHSP!$L$5:$L$3000,AHSP!$I$5:$I$3000,"III",AHSP!$C$5:$C$3000,B48,AHSP!$J$5:$J$3000,"Upah") -> 0.90835261 | D48: =INDEX('Perhitungan Upah'!$C$5:$C$13,MATCH(B48,'Perhitungan Upah'!$B$5:$B$13,0)) -> 228300 | E48: =C48*D48 -> 207376.9
A49: IV. DINDING | C49: =SUM(C50:C58) -> 124.41199 | E49: =SUM(E50:E58) -> 18526162
A50: Pekerja | B50: PKJ | C50: =SUMIFS(AHSP!$L$5:$L$3000,AHSP!$I$5:$I$3000,"IV",AHSP!$C$5:$C$3000,B50,AHSP!$J$5:$J$3000,"Upah") -> 79.954106 | D50: =INDEX('Perhitungan Upah'!$C$5:$C$13,MATCH(B50,'Perhitungan Upah'!$B$5:$B$13,0)) -> 130500 | E50: =C50*D50 -> 10434011
A51: Tukang batu | B51: TKG | C51: =SUMIFS(AHSP!$L$5:$L$3000,AHSP!$I$5:$I$3000,"IV",AHSP!$C$5:$C$3000,B51,AHSP!$J$5:$J$3000,"Upah") -> 36.781984 | D51: =INDEX('Perhitungan Upah'!$C$5:$C$13,MATCH(B51,'Perhitungan Upah'!$B$5:$B$13,0)) -> 175300 | E51: =C51*D51 -> 6447881.8
A52: Tukang kayu | B52: TKY | C52: =SUMIFS(AHSP!$L$5:$L$3000,AHSP!$I$5:$I$3000,"IV",AHSP!$C$5:$C$3000,B52,AHSP!$J$5:$J$3000,"Upah") -> 0 | D52: =INDEX('Perhitungan Upah'!$C$5:$C$13,MATCH(B52,'Perhitungan Upah'!$B$5:$B$13,0)) -> 174700 | E52: =C52*D52 -> 0
A53: Tukang besi | B53: TBS | C53: =SUMIFS(AHSP!$L$5:$L$3000,AHSP!$I$5:$I$3000,"IV",AHSP!$C$5:$C$3000,B53,AHSP!$J$5:$J$3000,"Upah") -> 0 | D53: =INDEX('Perhitungan Upah'!$C$5:$C$13,MATCH(B53,'Perhitungan Upah'!$B$5:$B$13,0)) -> 174700 | E53: =C53*D53 -> 0
A54: Tukang cat | B54: TCT | C54: =SUMIFS(AHSP!$L$5:$L$3000,AHSP!$I$5:$I$3000,"IV",AHSP!$C$5:$C$3000,B54,AHSP!$J$5:$J$3000,"Upah") -> 0 | D54: =INDEX('Perhitungan Upah'!$C$5:$C$13,MATCH(B54,'Perhitungan Upah'!$B$5:$B$13,0)) -> 165000 | E54: =C54*D54 -> 0
A55: Tukang listrik | B55: TLS | C55: =SUMIFS(AHSP!$L$5:$L$3000,AHSP!$I$5:$I$3000,"IV",AHSP!$C$5:$C$3000,B55,AHSP!$J$5:$J$3000,"Upah") -> 0 | D55: =INDEX('Perhitungan Upah'!$C$5:$C$13,MATCH(B55,'Perhitungan Upah'!$B$5:$B$13,0)) -> 182800 | E55: =C55*D55 -> 0
A56: Tukang pipa | B56: TPP | C56: =SUMIFS(AHSP!$L$5:$L$3000,AHSP!$I$5:$I$3000,"IV",AHSP!$C$5:$C$3000,B56,AHSP!$J$5:$J$3000,"Upah") -> 0 | D56: =INDEX('Perhitungan Upah'!$C$5:$C$13,MATCH(B56,'Perhitungan Upah'!$B$5:$B$13,0)) -> 184400 | E56: =C56*D56 -> 0
A57: Kepala tukang | B57: KTK | C57: =SUMIFS(AHSP!$L$5:$L$3000,AHSP!$I$5:$I$3000,"IV",AHSP!$C$5:$C$3000,B57,AHSP!$J$5:$J$3000,"Upah") -> 3.6781984 | D57: =INDEX('Perhitungan Upah'!$C$5:$C$13,MATCH(B57,'Perhitungan Upah'!$B$5:$B$13,0)) -> 198900 | E57: =C57*D57 -> 731593.66
A58: Mandor | B58: MDR | C58: =SUMIFS(AHSP!$L$5:$L$3000,AHSP!$I$5:$I$3000,"IV",AHSP!$C$5:$C$3000,B58,AHSP!$J$5:$J$3000,"Upah") -> 3.9977053 | D58: =INDEX('Perhitungan Upah'!$C$5:$C$13,MATCH(B58,'Perhitungan Upah'!$B$5:$B$13,0)) -> 228300 | E58: =C58*D58 -> 912676.12
A59: V. ATAP | C59: =SUM(C60:C68) -> 40.708789 | E59: =SUM(E60:E68) -> 6299480.7
A60: Pekerja | B60: PKJ | C60: =SUMIFS(AHSP!$L$5:$L$3000,AHSP!$I$5:$I$3000,"V",AHSP!$C$5:$C$3000,B60,AHSP!$J$5:$J$3000,"Upah") -> 18.677903 | D60: =INDEX('Perhitungan Upah'!$C$5:$C$13,MATCH(B60,'Perhitungan Upah'!$B$5:$B$13,0)) -> 130500 | E60: =C60*D60 -> 2437466.3
A61: Tukang batu | B61: TKG | C61: =SUMIFS(AHSP!$L$5:$L$3000,AHSP!$I$5:$I$3000,"V",AHSP!$C$5:$C$3000,B61,AHSP!$J$5:$J$3000,"Upah") -> 22.030887 | D61: =INDEX('Perhitungan Upah'!$C$5:$C$13,MATCH(B61,'Perhitungan Upah'!$B$5:$B$13,0)) -> 175300 | E61: =C61*D61 -> 3862014.4
A62: Tukang kayu | B62: TKY | C62: =SUMIFS(AHSP!$L$5:$L$3000,AHSP!$I$5:$I$3000,"V",AHSP!$C$5:$C$3000,B62,AHSP!$J$5:$J$3000,"Upah") -> 0 | D62: =INDEX('Perhitungan Upah'!$C$5:$C$13,MATCH(B62,'Perhitungan Upah'!$B$5:$B$13,0)) -> 174700 | E62: =C62*D62 -> 0
A63: Tukang besi | B63: TBS | C63: =SUMIFS(AHSP!$L$5:$L$3000,AHSP!$I$5:$I$3000,"V",AHSP!$C$5:$C$3000,B63,AHSP!$J$5:$J$3000,"Upah") -> 0 | D63: =INDEX('Perhitungan Upah'!$C$5:$C$13,MATCH(B63,'Perhitungan Upah'!$B$5:$B$13,0)) -> 174700 | E63: =C63*D63 -> 0
A64: Tukang cat | B64: TCT | C64: =SUMIFS(AHSP!$L$5:$L$3000,AHSP!$I$5:$I$3000,"V",AHSP!$C$5:$C$3000,B64,AHSP!$J$5:$J$3000,"Upah") -> 0 | D64: =INDEX('Perhitungan Upah'!$C$5:$C$13,MATCH(B64,'Perhitungan Upah'!$B$5:$B$13,0)) -> 165000 | E64: =C64*D64 -> 0
A65: Tukang listrik | B65: TLS | C65: =SUMIFS(AHSP!$L$5:$L$3000,AHSP!$I$5:$I$3000,"V",AHSP!$C$5:$C$3000,B65,AHSP!$J$5:$J$3000,"Upah") -> 0 | D65: =INDEX('Perhitungan Upah'!$C$5:$C$13,MATCH(B65,'Perhitungan Upah'!$B$5:$B$13,0)) -> 182800 | E65: =C65*D65 -> 0
A66: Tukang pipa | B66: TPP | C66: =SUMIFS(AHSP!$L$5:$L$3000,AHSP!$I$5:$I$3000,"V",AHSP!$C$5:$C$3000,B66,AHSP!$J$5:$J$3000,"Upah") -> 0 | D66: =INDEX('Perhitungan Upah'!$C$5:$C$13,MATCH(B66,'Perhitungan Upah'!$B$5:$B$13,0)) -> 184400 | E66: =C66*D66 -> 0
A67: Kepala tukang | B67: KTK | C67: =SUMIFS(AHSP!$L$5:$L$3000,AHSP!$I$5:$I$3000,"V",AHSP!$C$5:$C$3000,B67,AHSP!$J$5:$J$3000,"Upah") -> 0 | D67: =INDEX('Perhitungan Upah'!$C$5:$C$13,MATCH(B67,'Perhitungan Upah'!$B$5:$B$13,0)) -> 198900 | E67: =C67*D67 -> 0
A68: Mandor | B68: MDR | C68: =SUMIFS(AHSP!$L$5:$L$3000,AHSP!$I$5:$I$3000,"V",AHSP!$C$5:$C$3000,B68,AHSP!$J$5:$J$3000,"Upah") -> 0 | D68: =INDEX('Perhitungan Upah'!$C$5:$C$13,MATCH(B68,'Perhitungan Upah'!$B$5:$B$13,0)) -> 228300 | E68: =C68*D68 -> 0
A69: VI. PLAFON | C69: =SUM(C70:C78) -> 12.15 | E69: =SUM(E70:E78) -> 1943595
A70: Pekerja | B70: PKJ | C70: =SUMIFS(AHSP!$L$5:$L$3000,AHSP!$I$5:$I$3000,"VI",AHSP!$C$5:$C$3000,B70,AHSP!$J$5:$J$3000,"Upah") -> 4.05 | D70: =INDEX('Perhitungan Upah'!$C$5:$C$13,MATCH(B70,'Perhitungan Upah'!$B$5:$B$13,0)) -> 130500 | E70: =C70*D70 -> 528525
A71: Tukang batu | B71: TKG | C71: =SUMIFS(AHSP!$L$5:$L$3000,AHSP!$I$5:$I$3000,"VI",AHSP!$C$5:$C$3000,B71,AHSP!$J$5:$J$3000,"Upah") -> 0 | D71: =INDEX('Perhitungan Upah'!$C$5:$C$13,MATCH(B71,'Perhitungan Upah'!$B$5:$B$13,0)) -> 175300 | E71: =C71*D71 -> 0
A72: Tukang kayu | B72: TKY | C72: =SUMIFS(AHSP!$L$5:$L$3000,AHSP!$I$5:$I$3000,"VI",AHSP!$C$5:$C$3000,B72,AHSP!$J$5:$J$3000,"Upah") -> 8.1 | D72: =INDEX('Perhitungan Upah'!$C$5:$C$13,MATCH(B72,'Perhitungan Upah'!$B$5:$B$13,0)) -> 174700 | E72: =C72*D72 -> 1415070
A73: Tukang besi | B73: TBS | C73: =SUMIFS(AHSP!$L$5:$L$3000,AHSP!$I$5:$I$3000,"VI",AHSP!$C$5:$C$3000,B73,AHSP!$J$5:$J$3000,"Upah") -> 0 | D73: =INDEX('Perhitungan Upah'!$C$5:$C$13,MATCH(B73,'Perhitungan Upah'!$B$5:$B$13,0)) -> 174700 | E73: =C73*D73 -> 0
A74: Tukang cat | B74: TCT | C74: =SUMIFS(AHSP!$L$5:$L$3000,AHSP!$I$5:$I$3000,"VI",AHSP!$C$5:$C$3000,B74,AHSP!$J$5:$J$3000,"Upah") -> 0 | D74: =INDEX('Perhitungan Upah'!$C$5:$C$13,MATCH(B74,'Perhitungan Upah'!$B$5:$B$13,0)) -> 165000 | E74: =C74*D74 -> 0
A75: Tukang listrik | B75: TLS | C75: =SUMIFS(AHSP!$L$5:$L$3000,AHSP!$I$5:$I$3000,"VI",AHSP!$C$5:$C$3000,B75,AHSP!$J$5:$J$3000,"Upah") -> 0 | D75: =INDEX('Perhitungan Upah'!$C$5:$C$13,MATCH(B75,'Perhitungan Upah'!$B$5:$B$13,0)) -> 182800 | E75: =C75*D75 -> 0
A76: Tukang pipa | B76: TPP | C76: =SUMIFS(AHSP!$L$5:$L$3000,AHSP!$I$5:$I$3000,"VI",AHSP!$C$5:$C$3000,B76,AHSP!$J$5:$J$3000,"Upah") -> 0 | D76: =INDEX('Perhitungan Upah'!$C$5:$C$13,MATCH(B76,'Perhitungan Upah'!$B$5:$B$13,0)) -> 184400 | E76: =C76*D76 -> 0
A77: Kepala tukang | B77: KTK | C77: =SUMIFS(AHSP!$L$5:$L$3000,AHSP!$I$5:$I$3000,"VI",AHSP!$C$5:$C$3000,B77,AHSP!$J$5:$J$3000,"Upah") -> 0 | D77: =INDEX('Perhitungan Upah'!$C$5:$C$13,MATCH(B77,'Perhitungan Upah'!$B$5:$B$13,0)) -> 198900 | E77: =C77*D77 -> 0
A78: Mandor | B78: MDR | C78: =SUMIFS(AHSP!$L$5:$L$3000,AHSP!$I$5:$I$3000,"VI",AHSP!$C$5:$C$3000,B78,AHSP!$J$5:$J$3000,"Upah") -> 0 | D78: =INDEX('Perhitungan Upah'!$C$5:$C$13,MATCH(B78,'Perhitungan Upah'!$B$5:$B$13,0)) -> 228300 | E78: =C78*D78 -> 0
A79: VII. LANTAI & KERAMIK | C79: =SUM(C80:C88) -> 30.9025 | E79: =SUM(E80:E88) -> 4915291.5
A80: Pekerja | B80: PKJ | C80: =SUMIFS(AHSP!$L$5:$L$3000,AHSP!$I$5:$I$3000,"VII",AHSP!$C$5:$C$3000,B80,AHSP!$J$5:$J$3000,"Upah") -> 11.2035 | D80: =INDEX('Perhitungan Upah'!$C$5:$C$13,MATCH(B80,'Perhitungan Upah'!$B$5:$B$13,0)) -> 130500 | E80: =C80*D80 -> 1462056.8
A81: Tukang batu | B81: TKG | C81: =SUMIFS(AHSP!$L$5:$L$3000,AHSP!$I$5:$I$3000,"VII",AHSP!$C$5:$C$3000,B81,AHSP!$J$5:$J$3000,"Upah") -> 19.699 | D81: =INDEX('Perhitungan Upah'!$C$5:$C$13,MATCH(B81,'Perhitungan Upah'!$B$5:$B$13,0)) -> 175300 | E81: =C81*D81 -> 3453234.7
A82: Tukang kayu | B82: TKY | C82: =SUMIFS(AHSP!$L$5:$L$3000,AHSP!$I$5:$I$3000,"VII",AHSP!$C$5:$C$3000,B82,AHSP!$J$5:$J$3000,"Upah") -> 0 | D82: =INDEX('Perhitungan Upah'!$C$5:$C$13,MATCH(B82,'Perhitungan Upah'!$B$5:$B$13,0)) -> 174700 | E82: =C82*D82 -> 0
A83: Tukang besi | B83: TBS | C83: =SUMIFS(AHSP!$L$5:$L$3000,AHSP!$I$5:$I$3000,"VII",AHSP!$C$5:$C$3000,B83,AHSP!$J$5:$J$3000,"Upah") -> 0 | D83: =INDEX('Perhitungan Upah'!$C$5:$C$13,MATCH(B83,'Perhitungan Upah'!$B$5:$B$13,0)) -> 174700 | E83: =C83*D83 -> 0
A84: Tukang cat | B84: TCT | C84: =SUMIFS(AHSP!$L$5:$L$3000,AHSP!$I$5:$I$3000,"VII",AHSP!$C$5:$C$3000,B84,AHSP!$J$5:$J$3000,"Upah") -> 0 | D84: =INDEX('Perhitungan Upah'!$C$5:$C$13,MATCH(B84,'Perhitungan Upah'!$B$5:$B$13,0)) -> 165000 | E84: =C84*D84 -> 0
A85: Tukang listrik | B85: TLS | C85: =SUMIFS(AHSP!$L$5:$L$3000,AHSP!$I$5:$I$3000,"VII",AHSP!$C$5:$C$3000,B85,AHSP!$J$5:$J$3000,"Upah") -> 0 | D85: =INDEX('Perhitungan Upah'!$C$5:$C$13,MATCH(B85,'Perhitungan Upah'!$B$5:$B$13,0)) -> 182800 | E85: =C85*D85 -> 0
A86: Tukang pipa | B86: TPP | C86: =SUMIFS(AHSP!$L$5:$L$3000,AHSP!$I$5:$I$3000,"VII",AHSP!$C$5:$C$3000,B86,AHSP!$J$5:$J$3000,"Upah") -> 0 | D86: =INDEX('Perhitungan Upah'!$C$5:$C$13,MATCH(B86,'Perhitungan Upah'!$B$5:$B$13,0)) -> 184400 | E86: =C86*D86 -> 0
A87: Kepala tukang | B87: KTK | C87: =SUMIFS(AHSP!$L$5:$L$3000,AHSP!$I$5:$I$3000,"VII",AHSP!$C$5:$C$3000,B87,AHSP!$J$5:$J$3000,"Upah") -> 0 | D87: =INDEX('Perhitungan Upah'!$C$5:$C$13,MATCH(B87,'Perhitungan Upah'!$B$5:$B$13,0)) -> 198900 | E87: =C87*D87 -> 0
A88: Mandor | B88: MDR | C88: =SUMIFS(AHSP!$L$5:$L$3000,AHSP!$I$5:$I$3000,"VII",AHSP!$C$5:$C$3000,B88,AHSP!$J$5:$J$3000,"Upah") -> 0 | D88: =INDEX('Perhitungan Upah'!$C$5:$C$13,MATCH(B88,'Perhitungan Upah'!$B$5:$B$13,0)) -> 228300 | E88: =C88*D88 -> 0
A89: VIII. PINTU & JENDELA | C89: =SUM(C90:C98) -> 5.2 | E89: =SUM(E90:E98) -> 855400
A90: Pekerja | B90: PKJ | C90: =SUMIFS(AHSP!$L$5:$L$3000,AHSP!$I$5:$I$3000,"VIII",AHSP!$C$5:$C$3000,B90,AHSP!$J$5:$J$3000,"Upah") -> 1.2 | D90: =INDEX('Perhitungan Upah'!$C$5:$C$13,MATCH(B90,'Perhitungan Upah'!$B$5:$B$13,0)) -> 130500 | E90: =C90*D90 -> 156600
A91: Tukang batu | B91: TKG | C91: =SUMIFS(AHSP!$L$5:$L$3000,AHSP!$I$5:$I$3000,"VIII",AHSP!$C$5:$C$3000,B91,AHSP!$J$5:$J$3000,"Upah") -> 0 | D91: =INDEX('Perhitungan Upah'!$C$5:$C$13,MATCH(B91,'Perhitungan Upah'!$B$5:$B$13,0)) -> 175300 | E91: =C91*D91 -> 0
A92: Tukang kayu | B92: TKY | C92: =SUMIFS(AHSP!$L$5:$L$3000,AHSP!$I$5:$I$3000,"VIII",AHSP!$C$5:$C$3000,B92,AHSP!$J$5:$J$3000,"Upah") -> 4 | D92: =INDEX('Perhitungan Upah'!$C$5:$C$13,MATCH(B92,'Perhitungan Upah'!$B$5:$B$13,0)) -> 174700 | E92: =C92*D92 -> 698800
A93: Tukang besi | B93: TBS | C93: =SUMIFS(AHSP!$L$5:$L$3000,AHSP!$I$5:$I$3000,"VIII",AHSP!$C$5:$C$3000,B93,AHSP!$J$5:$J$3000,"Upah") -> 0 | D93: =INDEX('Perhitungan Upah'!$C$5:$C$13,MATCH(B93,'Perhitungan Upah'!$B$5:$B$13,0)) -> 174700 | E93: =C93*D93 -> 0
A94: Tukang cat | B94: TCT | C94: =SUMIFS(AHSP!$L$5:$L$3000,AHSP!$I$5:$I$3000,"VIII",AHSP!$C$5:$C$3000,B94,AHSP!$J$5:$J$3000,"Upah") -> 0 | D94: =INDEX('Perhitungan Upah'!$C$5:$C$13,MATCH(B94,'Perhitungan Upah'!$B$5:$B$13,0)) -> 165000 | E94: =C94*D94 -> 0
A95: Tukang listrik | B95: TLS | C95: =SUMIFS(AHSP!$L$5:$L$3000,AHSP!$I$5:$I$3000,"VIII",AHSP!$C$5:$C$3000,B95,AHSP!$J$5:$J$3000,"Upah") -> 0 | D95: =INDEX('Perhitungan Upah'!$C$5:$C$13,MATCH(B95,'Perhitungan Upah'!$B$5:$B$13,0)) -> 182800 | E95: =C95*D95 -> 0
A96: Tukang pipa | B96: TPP | C96: =SUMIFS(AHSP!$L$5:$L$3000,AHSP!$I$5:$I$3000,"VIII",AHSP!$C$5:$C$3000,B96,AHSP!$J$5:$J$3000,"Upah") -> 0 | D96: =INDEX('Perhitungan Upah'!$C$5:$C$13,MATCH(B96,'Perhitungan Upah'!$B$5:$B$13,0)) -> 184400 | E96: =C96*D96 -> 0
A97: Kepala tukang | B97: KTK | C97: =SUMIFS(AHSP!$L$5:$L$3000,AHSP!$I$5:$I$3000,"VIII",AHSP!$C$5:$C$3000,B97,AHSP!$J$5:$J$3000,"Upah") -> 0 | D97: =INDEX('Perhitungan Upah'!$C$5:$C$13,MATCH(B97,'Perhitungan Upah'!$B$5:$B$13,0)) -> 198900 | E97: =C97*D97 -> 0
A98: Mandor | B98: MDR | C98: =SUMIFS(AHSP!$L$5:$L$3000,AHSP!$I$5:$I$3000,"VIII",AHSP!$C$5:$C$3000,B98,AHSP!$J$5:$J$3000,"Upah") -> 0 | D98: =INDEX('Perhitungan Upah'!$C$5:$C$13,MATCH(B98,'Perhitungan Upah'!$B$5:$B$13,0)) -> 228300 | E98: =C98*D98 -> 0
A99: IX. CAT | C99: =SUM(C100:C108) -> 22.31771 | E99: =SUM(E100:E108) -> 3605068.6
A100: Pekerja | B100: PKJ | C100: =SUMIFS(AHSP!$L$5:$L$3000,AHSP!$I$5:$I$3000,"IX",AHSP!$C$5:$C$3000,B100,AHSP!$J$5:$J$3000,"Upah") -> 4.8622461 | D100: =INDEX('Perhitungan Upah'!$C$5:$C$13,MATCH(B100,'Perhitungan Upah'!$B$5:$B$13,0)) -> 130500 | E100: =C100*D100 -> 634523.12
A101: Tukang batu | B101: TKG | C101: =SUMIFS(AHSP!$L$5:$L$3000,AHSP!$I$5:$I$3000,"IX",AHSP!$C$5:$C$3000,B101,AHSP!$J$5:$J$3000,"Upah") -> 0 | D101: =INDEX('Perhitungan Upah'!$C$5:$C$13,MATCH(B101,'Perhitungan Upah'!$B$5:$B$13,0)) -> 175300 | E101: =C101*D101 -> 0
A102: Tukang kayu | B102: TKY | C102: =SUMIFS(AHSP!$L$5:$L$3000,AHSP!$I$5:$I$3000,"IX",AHSP!$C$5:$C$3000,B102,AHSP!$J$5:$J$3000,"Upah") -> 0 | D102: =INDEX('Perhitungan Upah'!$C$5:$C$13,MATCH(B102,'Perhitungan Upah'!$B$5:$B$13,0)) -> 174700 | E102: =C102*D102 -> 0
...

Sheet AHSP
A1: ANALISA HARGA SATUAN PEKERJAAN (AHSP)
A2: Upah di AHSP = upah per volume (dipakai RAB Borongan); swakelola membayar per hari — lihat Perhitungan Upah. Format Permen PUPR: A. Tenaga kerja, B. Bahan, C. Jumlah, D. Margin, E. Harga satuan. Koefisien = koefisien pasar terkalibrasi, bahan sudah termasuk susut (biru, boleh diubah).
A4: No | B4: Uraian | C4: Kode | D4: Satuan | E4: Koefisien | F4: Harga satuan | G4: Jumlah harga | H4: Bantu: item | I4: Bantu: tahap | J4: Bantu: jenis | K4: Bantu: volume | L4: Bantu: total kebutuhan
A5: I.1 | B5: Bouwplank & pengukuran — per 1 m² | J5: Volume RAB: | K5: =Volume!$B$23 -> 36
A6: A | B6: TENAGA KERJA
B7: Tukang kayu | C7: TKY | D7: OH | E7: 0.05 | F7: =INDEX('Perhitungan Upah'!$C$5:$C$13,MATCH(C7,'Perhitungan Upah'!$B$5:$B$13,0)) -> 174700 | G7: =E7*F7 -> 8735 | H7: I.1 | I7: I | J7: Upah | K7: =$K$5 -> 36 | L7: =E7*K7 -> 1.8
B8: Pekerja | C8: PKJ | D8: OH | E8: 0.05 | F8: =INDEX('Perhitungan Upah'!$C$5:$C$13,MATCH(C8,'Perhitungan Upah'!$B$5:$B$13,0)) -> 130500 | G8: =E8*F8 -> 6525 | H8: I.1 | I8: I | J8: Upah | K8: =$K$5 -> 36 | L8: =E8*K8 -> 1.8
B9: Jumlah tenaga kerja | G9: =SUM(G7:G8) -> 15260
A10: B | B10: BAHAN
B11: Kayu bouwplank | C11: KYB | D11: m² | E11: 1 | F11: =VLOOKUP(C11,'Perhitungan Bahan'!$A$5:$J$61,10,FALSE()) -> 3000 | G11: =E11*F11 -> 3000 | H11: I.1 | I11: I | J11: Bahan | K11: =$K$5 -> 36 | L11: =E11*K11 -> 36
B12: Jumlah bahan | G12: =SUM(G11:G11) -> 3000
A13: C | B13: HARGA SATUAN SWAKELOLA (A + B) | G13: =G9+G12 -> 18260
A14: D | B14: Margin kontraktor | E14: =Parameter!$B$4 -> 0.15 | G14: =G13*E14 -> 2739
A15: E | B15: HARGA SATUAN BORONGAN (C + D) | G15: =G13+G14 -> 20999
A17: I.2 | B17: Pembersihan lahan — per 1 ls | J17: Volume RAB: | K17: 1
A18: A | B18: TENAGA KERJA
B19: Pekerja | C19: PKJ | D19: OH | E19: 15 | F19: =INDEX('Perhitungan Upah'!$C$5:$C$13,MATCH(C19,'Perhitungan Upah'!$B$5:$B$13,0)) -> 130500 | G19: =E19*F19 -> 1957500 | H19: I.2 | I19: I | J19: Upah | K19: =$K$17 -> 1 | L19: =E19*K19 -> 15
B20: Jumlah tenaga kerja | G20: =SUM(G19:G19) -> 1957500
A21: B | B21: BAHAN
B22: Jumlah bahan | G22: 0
A23: C | B23: HARGA SATUAN SWAKELOLA (A + B) | G23: =G20+G22 -> 1957500
A24: D | B24: Margin kontraktor | E24: =Parameter!$B$4 -> 0.15 | G24: =G23*E24 -> 293625
A25: E | B25: HARGA SATUAN BORONGAN (C + D) | G25: =G23+G24 -> 2251125
A27: I.3 | B27: Air & listrik kerja — per 1 ls | J27: Volume RAB: | K27: 1
A28: A | B28: TENAGA KERJA
B29: Jumlah tenaga kerja | G29: 0
A30: B | B30: BAHAN
B31: Air & listrik kerja | C31: AIR | D31: lot | E31: 1 | F31: =VLOOKUP(C31,'Perhitungan Bahan'!$A$5:$J$61,10,FALSE()) -> 1500000 | G31: =E31*F31 -> 1500000 | H31: I.3 | I31: I | J31: Bahan | K31: =$K$27 -> 1 | L31: =E31*K31 -> 1
B32: Jumlah bahan | G32: =SUM(G31:G31) -> 1500000
A33: C | B33: HARGA SATUAN SWAKELOLA (A + B) | G33: =G29+G32 -> 1500000
A34: D | B34: Margin kontraktor | E34: =Parameter!$B$4 -> 0.15 | G34: =G33*E34 -> 225000
A35: E | B35: HARGA SATUAN BORONGAN (C + D) | G35: =G33+G34 -> 1725000
A37: II.1 | B37: Galian tanah pondasi — per 1 m³ | J37: Volume RAB: | K37: =Volume!$B$31 -> 24.84
A38: A | B38: TENAGA KERJA
B39: Pekerja | C39: PKJ | D39: OH | E39: 0.6375 | F39: =INDEX('Perhitungan Upah'!$C$5:$C$13,MATCH(C39,'Perhitungan Upah'!$B$5:$B$13,0)) -> 130500 | G39: =E39*F39 -> 83193.75 | H39: II.1 | I39: II | J39: Upah | K39: =$K$37 -> 24.84 | L39: =E39*K39 -> 15.8355
B40: Mandor | C40: MDR | D40: OH | E40: 0.0213 | F40: =INDEX('Perhitungan Upah'!$C$5:$C$13,MATCH(C40,'Perhitungan Upah'!$B$5:$B$13,0)) -> 228300 | G40: =E40*F40 -> 4862.79 | H40: II.1 | I40: II | J40: Upah | K40: =$K$37 -> 24.84 | L40: =E40*K40 -> 0.529092
B41: Jumlah tenaga kerja | G41: =SUM(G39:G40) -> 88056.54
A42: B | B42: BAHAN
B43: Jumlah bahan | G43: 0
A44: C | B44: HARGA SATUAN SWAKELOLA (A + B) | G44: =G41+G43 -> 88056.54
A45: D | B45: Margin kontraktor | E45: =Parameter!$B$4 -> 0.15 | G45: =G44*E45 -> 13208.481
A46: E | B46: HARGA SATUAN BORONGAN (C + D) | G46: =G44+G45 -> 101265.02
A48: II.2 | B48: Urugan pasir bawah pondasi — per 1 m³ | J48: Volume RAB: | K48: =Volume!$B$32 -> 1.5525
A49: A | B49: TENAGA KERJA
B50: Pekerja | C50: PKJ | D50: OH | E50: 0.255 | F50: =INDEX('Perhitungan Upah'!$C$5:$C$13,MATCH(C50,'Perhitungan Upah'!$B$5:$B$13,0)) -> 130500 | G50: =E50*F50 -> 33277.5 | H50: II.2 | I50: II | J50: Upah | K50: =$K$48 -> 1.5525 | L50: =E50*K50 -> 0.3958875
B51: Mandor | C51: MDR | D51: OH | E51: 0.0085 | F51: =INDEX('Perhitungan Upah'!$C$5:$C$13,MATCH(C51,'Perhitungan Upah'!$B$5:$B$13,0)) -> 228300 | G51: =E51*F51 -> 1940.55 | H51: II.2 | I51: II | J51: Upah | K51: =$K$48 -> 1.5525 | L51: =E51*K51 -> 0.01319625
B52: Jumlah tenaga kerja | G52: =SUM(G50:G51) -> 35218.05
A53: B | B53: BAHAN
B54: Pasir urug | C54: PSU | D54: m³ | E54: 1.2 | F54: =VLOOKUP(C54,'Perhitungan Bahan'!$A$5:$J$61,10,FALSE()) -> 209000 | G54: =E54*F54 -> 250800 | H54: II.2 | I54: II | J54: Bahan | K54: =$K$48 -> 1.5525 | L54: =E54*K54 -> 1.863
B55: Jumlah bahan | G55: =SUM(G54:G54) -> 250800
A56: C | B56: HARGA SATUAN SWAKELOLA (A + B) | G56: =G52+G55 -> 286018.05
A57: D | B57: Margin kontraktor | E57: =Parameter!$B$4 -> 0.15 | G57: =G56*E57 -> 42902.707
A58: E | B58: HARGA SATUAN BORONGAN (C + D) | G58: =G56+G57 -> 328920.76
A60: II.3 | B60: Pasangan batu kali 1:4 — per 1 m³ | J60: Volume RAB: | K60: =Volume!$B$33 -> 10.35
A61: A | B61: TENAGA KERJA
B62: Pekerja | C62: PKJ | D62: OH | E62: 0.9 | F62: =INDEX('Perhitungan Upah'!$C$5:$C$13,MATCH(C62,'Perhitungan Upah'!$B$5:$B$13,0)) -> 130500 | G62: =E62*F62 -> 117450 | H62: II.3 | I62: II | J62: Upah | K62: =$K$60 -> 10.35 | L62: =E62*K62 -> 9.315
B63: Tukang batu | C63: TKG | D63: OH | E63: 0.45 | F63: =INDEX('Perhitungan Upah'!$C$5:$C$13,MATCH(C63,'Perhitungan Upah'!$B$5:$B$13,0)) -> 175300 | G63: =E63*F63 -> 78885 | H63: II.3 | I63: II | J63: Upah | K63: =$K$60 -> 10.35 | L63: =E63*K63 -> 4.6575
B64: Kepala tukang | C64: KTK | D64: OH | E64: 0.045 | F64: =INDEX('Perhitungan Upah'!$C$5:$C$13,MATCH(C64,'Perhitungan Upah'!$B$5:$B$13,0)) -> 198900 | G64: =E64*F64 -> 8950.5 | H64: II.3 | I64: II | J64: Upah | K64: =$K$60 -> 10.35 | L64: =E64*K64 -> 0.46575
B65: Mandor | C65: MDR | D65: OH | E65: 0.045 | F65: =INDEX('Perhitungan Upah'!$C$5:$C$13,MATCH(C65,'Perhitungan Upah'!$B$5:$B$13,0)) -> 228300 | G65: =E65*F65 -> 10273.5 | H65: II.3 | I65: II | J65: Upah | K65: =$K$60 -> 10.35 | L65: =E65*K65 -> 0.46575
B66: Jumlah tenaga kerja | G66: =SUM(G62:G65) -> 215559
A67: B | B67: BAHAN
B68: Batu kali belah | C68: BTK | D68: m³ | E68: 1.2 | F68: =VLOOKUP(C68,'Perhitungan Bahan'!$A$5:$J$61,10,FALSE()) -> 343200 | G68: =E68*F68 -> 411840 | H68: II.3 | I68: II | J68: Bahan | K68: =$K$60 -> 10.35 | L68: =E68*K68 -> 12.42
B69: Semen PCC | C69: SMN | D69: kg | E69: 171.15 | F69: =VLOOKUP(C69,'Perhitungan Bahan'!$A$5:$J$61,10,FALSE()) -> 1575 | G69: =E69*F69 -> 269561.25 | H69: II.3 | I69: II | J69: Bahan | K69: =$K$60 -> 10.35 | L69: =E69*K69 -> 1771.4025
B70: Pasir pasang | C70: PSP | D70: m³ | E70: 0.572 | F70: =VLOOKUP(C70,'Perhitungan Bahan'!$A$5:$J$61,10,FALSE()) -> 295200 | G70: =E70*F70 -> 168854.4 | H70: II.3 | I70: II | J70: Bahan | K70: =$K$60 -> 10.35 | L70: =E70*K70 -> 5.9202
B71: Jumlah bahan | G71: =SUM(G68:G70) -> 850255.65
A72: C | B72: HARGA SATUAN SWAKELOLA (A + B) | G72: =G66+G71 -> 1065814.6
A73: D | B73: Margin kontraktor | E73: =Parameter!$B$4 -> 0.15 | G73: =G72*E73 -> 159872.2
A74: E | B74: HARGA SATUAN BORONGAN (C + D) | G74: =G72+G73 -> 1225686.8
A76: II.4 | B76: Urugan tanah kembali — per 1 m³ | J76: Volume RAB: | K76: =Volume!$B$34 -> 12.9375
A77: A | B77: TENAGA KERJA
B78: Pekerja | C78: PKJ | D78: OH | E78: 0.3875 | F78: =INDEX('Perhitungan Upah'!$C$5:$C$13,MATCH(C78,'Perhitungan Upah'!$B$5:$B$13,0)) -> 130500 | G78: =E78*F78 -> 50568.75 | H78: II.4 | I78: II | J78: Upah | K78: =$K$76 -> 12.9375 | L78: =E78*K78 -> 5.0132813
B79: Mandor | C79: MDR | D79: OH | E79: 0.0124 | F79: =INDEX('Perhitungan Upah'!$C$5:$C$13,MATCH(C79,'Perhitungan Upah'!$B$5:$B$13,0)) -> 228300 | G79: =E79*F79 -> 2830.92 | H79: II.4 | I79: II | J79: Upah | K79: =$K$76 -> 12.9375 | L79: =E79*K79 -> 0.160425
B80: Jumlah tenaga kerja | G80: =SUM(G78:G79) -> 53399.67
A81: B | B81: BAHAN
B82: Jumlah bahan | G82: 0
A83: C | B83: HARGA SATUAN SWAKELOLA (A + B) | G83: =G80+G82 -> 53399.67
A84: D | B84: Margin kontraktor | E84: =Parameter!$B$4 -> 0.15 | G84: =G83*E84 -> 8009.9505
A85: E | B85: HARGA SATUAN BORONGAN (C + D) | G85: =G83+G84 -> 61409.62
A87: II.5 | B87: Urugan pasir bawah lantai — per 1 m³ | J87: Volume RAB: | K87: =Volume!$B$35 -> 4.05
A88: A | B88: TENAGA KERJA
B89: Pekerja | C89: PKJ | D89: OH | E89: 0.255 | F89: =INDEX('Perhitungan Upah'!$C$5:$C$13,MATCH(C89,'Perhitungan Upah'!$B$5:$B$13,0)) -> 130500 | G89: =E89*F89 -> 33277.5 | H89: II.5 | I89: II | J89: Upah | K89: =$K$87 -> 4.05 | L89: =E89*K89 -> 1.03275
B90: Mandor | C90: MDR | D90: OH | E90: 0.0085 | F90: =INDEX('Perhitungan Upah'!$C$5:$C$13,MATCH(C90,'Perhitungan Upah'!$B$5:$B$13,0)) -> 228300 | G90: =E90*F90 -> 1940.55 | H90: II.5 | I90: II | J90: Upah | K90: =$K$87 -> 4.05 | L90: =E90*K90 -> 0.034425
B91: Jumlah tenaga kerja | G91: =SUM(G89:G90) -> 35218.05
A92: B | B92: BAHAN
B93: Pasir urug | C93: PSU | D93: m³ | E93: 1.2 | F93: =VLOOKUP(C93,'Perhitungan Bahan'!$A$5:$J$61,10,FALSE()) -> 209000 | G93: =E93*F93 -> 250800 | H93: II.5 | I93: II | J93: Bahan | K93: =$K$87 -> 4.05 | L93: =E93*K93 -> 4.86
B94: Jumlah bahan | G94: =SUM(G93:G93) -> 250800
A95: C | B95: HARGA SATUAN SWAKELOLA (A + B) | G95: =G91+G94 -> 286018.05
A96: D | B96: Margin kontraktor | E96: =Parameter!$B$4 -> 0.15 | G96: =G95*E96 -> 42902.707
A97: E | B97: HARGA SATUAN BORONGAN (C + D) | G97: =G95+G96 -> 328920.76
A99: II.6 | B99: Rabat beton lantai kerja K-175 — per 1 m³ | J99: Volume RAB: | K99: =Volume!$B$36 -> 2.025
A100: A | B100: TENAGA KERJA
B101: Pekerja | C101: PKJ | D101: OH | E101: 0.7425 | F101: =INDEX('Perhitungan Upah'!$C$5:$C$13,MATCH(C101,'Perhitungan Upah'!$B$5:$B$13,0)) -> 130500 | G101: =E101*F101 -> 96896.25 | H101: II.6 | I101: II | J101: Upah | K101: =$K$99 -> 2.025 | L101: =E101*K101 -> 1.5035625
B102: Tukang batu | C102: TKG | D102: OH | E102: 0.1238 | F102: =INDEX('Perhitungan Upah'!$C$5:$C$13,MATCH(C102,'Perhitungan Upah'!$B$5:$B$13,0)) -> 175300 | G102: =E102*F102 -> 21702.14 | H102: II.6 | I102: II | J102: Upah | K102: =$K$99 -> 2.025 | L102: =E102*K102 -> 0.250695
B103: Kepala tukang | C103: KTK | D103: OH | E103: 0.0126 | F103: =INDEX('Perhitungan Upah'!$C$5:$C$13,MATCH(C103,'Perhitungan Upah'!$B$5:$B$13,0)) -> 198900 | G103: =E103*F103 -> 2506.14 | H103: II.6 | I103: II | J103: Upah | K103: =$K$99 -> 2.025 | L103: =E103*K103 -> 0.025515
B104: Mandor | C104: MDR | D104: OH | E104: 0.0374 | F104: =INDEX('Perhitungan Upah'!$C$5:$C$13,MATCH(C104,'Perhitungan Upah'!$B$5:$B$13,0)) -> 228300 | G104: =E104*F104 -> 8538.42 | H104: II.6 | I104: II | J104: Upah | K104: =$K$99 -> 2.025 | L104: =E104*K104 -> 0.075735
B105: Jumlah tenaga kerja | G105: =SUM(G101:G104) -> 129642.95
A106: B | B106: BAHAN
B107: Semen PCC | C107: SMN | D107: kg | E107: 342.3 | F107: =VLOOKUP(C107,'Perhitungan Bahan'!$A$5:$J$61,10,FALSE()) -> 1575 | G107: =E107*F107 -> 539122.5 | H107: II.6 | I107: II | J107: Bahan | K107: =$K$99 -> 2.025 | L107: =E107*K107 -> 693.1575
B108: Pasir beton | C108: PSB | D108: m³ | E108: 0.5973 | F108: =VLOOKUP(C108,'Perhitungan Bahan'!$A$5:$J$61,10,FALSE()) -> 379000 | G108: =E108*F108 -> 226376.7 | H108: II.6 | I108: II | J108: Bahan | K108: =$K$99 -> 2.025 | L108: =E108*K108 -> 1.2095325
B109: Batu split 1–2 cm | C109: SPL | D109: m³ | E109: 0.8404 | F109: =VLOOKUP(C109,'Perhitungan Bahan'!$A$5:$J$61,10,FALSE()) -> 385900 | G109: =E109*F109 -> 324310.36 | H109: II.6 | I109: II | J109: Bahan | K109: =$K$99 -> 2.025 | L109: =E109*K109 -> 1.70181
...

Sheet Kurva-S
A1: JADWAL & KURVA-S — rencana vs realisasi
A2: Isi progres kumulatif (%) tiap tahap setiap akhir minggu. Mulai tahap pertama bisa diubah (biru).
A3: Minggu berjalan | B3: 4
A5: Tahap | B5: Bobot | C5: Mulai (minggu) | D5: Durasi (minggu) | E5: M1 | F5: M2 | G5: M3 | H5: M4 | I5: M5 | J5: M6 | K5: M7 | L5: M8 | M5: M9 | N5: M10 | O5: M11 | P5: M12 | Q5: M13 | R5: M14 | S5: M15 | T5: M16 | U5: M17 | V5: M18 | W5: M19 | X5: M20 | Y5: M21 | Z5: M22 | AA5: M23 | AB5: M24 | AC5: M25 | AD5: M26 | AE5: M27 | AF5: M28 | AG5: M29 | AH5: M30
A6: I. PERSIAPAN | B6: ='RAB Borongan'!L5/'RAB Borongan'!L73 -> 0.020298107 | C6: 1 | D6: ='Perhitungan Upah'!E154 -> 1 | E6: =IF(AND(1>=$C6,1<$C6+$D6),$B6/$D6,0) -> 0.020298107 | F6: =IF(AND(2>=$C6,2<$C6+$D6),$B6/$D6,0) -> 0 | G6: =IF(AND(3>=$C6,3<$C6+$D6),$B6/$D6,0) -> 0 | H6: =IF(AND(4>=$C6,4<$C6+$D6),$B6/$D6,0) -> 0 | I6: =IF(AND(5>=$C6,5<$C6+$D6),$B6/$D6,0) -> 0 | J6: =IF(AND(6>=$C6,6<$C6+$D6),$B6/$D6,0) -> 0 | K6: =IF(AND(7>=$C6,7<$C6+$D6),$B6/$D6,0) -> 0 | L6: =IF(AND(8>=$C6,8<$C6+$D6),$B6/$D6,0) -> 0 | M6: =IF(AND(9>=$C6,9<$C6+$D6),$B6/$D6,0) -> 0 | N6: =IF(AND(10>=$C6,10<$C6+$D6),$B6/$D6,0) -> 0 | O6: =IF(AND(11>=$C6,11<$C6+$D6),$B6/$D6,0) -> 0 | P6: =IF(AND(12>=$C6,12<$C6+$D6),$B6/$D6,0) -> 0 | Q6: =IF(AND(13>=$C6,13<$C6+$D6),$B6/$D6,0) -> 0 | R6: =IF(AND(14>=$C6,14<$C6+$D6),$B6/$D6,0) -> 0 | S6: =IF(AND(15>=$C6,15<$C6+$D6),$B6/$D6,0) -> 0 | T6: =IF(AND(16>=$C6,16<$C6+$D6),$B6/$D6,0) -> 0 | U6: =IF(AND(17>=$C6,17<$C6+$D6),$B6/$D6,0) -> 0 | V6: =IF(AND(18>=$C6,18<$C6+$D6),$B6/$D6,0) -> 0 | W6: =IF(AND(19>=$C6,19<$C6+$D6),$B6/$D6,0) -> 0 | X6: =IF(AND(20>=$C6,20<$C6+$D6),$B6/$D6,0) -> 0 | Y6: =IF(AND(21>=$C6,21<$C6+$D6),$B6/$D6,0) -> 0 | Z6: =IF(AND(22>=$C6,22<$C6+$D6),$B6/$D6,0) -> 0 | AA6: =IF(AND(23>=$C6,23<$C6+$D6),$B6/$D6,0) -> 0 | AB6: =IF(AND(24>=$C6,24<$C6+$D6),$B6/$D6,0) -> 0 | AC6: =IF(AND(25>=$C6,25<$C6+$D6),$B6/$D6,0) -> 0 | AD6: =IF(AND(26>=$C6,26<$C6+$D6),$B6/$D6,0) -> 0 | AE6: =IF(AND(27>=$C6,27<$C6+$D6),$B6/$D6,0) -> 0 | AF6: =IF(AND(28>=$C6,28<$C6+$D6),$B6/$D6,0) -> 0 | AG6: =IF(AND(29>=$C6,29<$C6+$D6),$B6/$D6,0) -> 0 | AH6: =IF(AND(30>=$C6,30<$C6+$D6),$B6/$D6,0) -> 0
A7: II. TANAH & PONDASI | B7: ='RAB Borongan'!L9/'RAB Borongan'!L73 -> 0.088698949 | C7: =C6+D6 -> 2 | D7: ='Perhitungan Upah'!E155 -> 2 | E7: =IF(AND(1>=$C7,1<$C7+$D7),$B7/$D7,0) -> 0 | F7: =IF(AND(2>=$C7,2<$C7+$D7),$B7/$D7,0) -> 0.044349474 | G7: =IF(AND(3>=$C7,3<$C7+$D7),$B7/$D7,0) -> 0.044349474 | H7: =IF(AND(4>=$C7,4<$C7+$D7),$B7/$D7,0) -> 0 | I7: =IF(AND(5>=$C7,5<$C7+$D7),$B7/$D7,0) -> 0 | J7: =IF(AND(6>=$C7,6<$C7+$D7),$B7/$D7,0) -> 0 | K7: =IF(AND(7>=$C7,7<$C7+$D7),$B7/$D7,0) -> 0 | L7: =IF(AND(8>=$C7,8<$C7+$D7),$B7/$D7,0) -> 0 | M7: =IF(AND(9>=$C7,9<$C7+$D7),$B7/$D7,0) -> 0 | N7: =IF(AND(10>=$C7,10<$C7+$D7),$B7/$D7,0) -> 0 | O7: =IF(AND(11>=$C7,11<$C7+$D7),$B7/$D7,0) -> 0 | P7: =IF(AND(12>=$C7,12<$C7+$D7),$B7/$D7,0) -> 0 | Q7: =IF(AND(13>=$C7,13<$C7+$D7),$B7/$D7,0) -> 0 | R7: =IF(AND(14>=$C7,14<$C7+$D7),$B7/$D7,0) -> 0 | S7: =IF(AND(15>=$C7,15<$C7+$D7),$B7/$D7,0) -> 0 | T7: =IF(AND(16>=$C7,16<$C7+$D7),$B7/$D7,0) -> 0 | U7: =IF(AND(17>=$C7,17<$C7+$D7),$B7/$D7,0) -> 0 | V7: =IF(AND(18>=$C7,18<$C7+$D7),$B7/$D7,0) -> 0 | W7: =IF(AND(19>=$C7,19<$C7+$D7),$B7/$D7,0) -> 0 | X7: =IF(AND(20>=$C7,20<$C7+$D7),$B7/$D7,0) -> 0 | Y7: =IF(AND(21>=$C7,21<$C7+$D7),$B7/$D7,0) -> 0 | Z7: =IF(AND(22>=$C7,22<$C7+$D7),$B7/$D7,0) -> 0 | AA7: =IF(AND(23>=$C7,23<$C7+$D7),$B7/$D7,0) -> 0 | AB7: =IF(AND(24>=$C7,24<$C7+$D7),$B7/$D7,0) -> 0 | AC7: =IF(AND(25>=$C7,25<$C7+$D7),$B7/$D7,0) -> 0 | AD7: =IF(AND(26>=$C7,26<$C7+$D7),$B7/$D7,0) -> 0 | AE7: =IF(AND(27>=$C7,27<$C7+$D7),$B7/$D7,0) -> 0 | AF7: =IF(AND(28>=$C7,28<$C7+$D7),$B7/$D7,0) -> 0 | AG7: =IF(AND(29>=$C7,29<$C7+$D7),$B7/$D7,0) -> 0 | AH7: =IF(AND(30>=$C7,30<$C7+$D7),$B7/$D7,0) -> 0
A8: III. STRUKTUR BETON | B8: ='RAB Borongan'!L16/'RAB Borongan'!L73 -> 0.075798736 | C8: =C7+D7 -> 4 | D8: ='Perhitungan Upah'!E156 -> 1 | E8: =IF(AND(1>=$C8,1<$C8+$D8),$B8/$D8,0) -> 0 | F8: =IF(AND(2>=$C8,2<$C8+$D8),$B8/$D8,0) -> 0 | G8: =IF(AND(3>=$C8,3<$C8+$D8),$B8/$D8,0) -> 0 | H8: =IF(AND(4>=$C8,4<$C8+$D8),$B8/$D8,0) -> 0.075798736 | I8: =IF(AND(5>=$C8,5<$C8+$D8),$B8/$D8,0) -> 0 | J8: =IF(AND(6>=$C8,6<$C8+$D8),$B8/$D8,0) -> 0 | K8: =IF(AND(7>=$C8,7<$C8+$D8),$B8/$D8,0) -> 0 | L8: =IF(AND(8>=$C8,8<$C8+$D8),$B8/$D8,0) -> 0 | M8: =IF(AND(9>=$C8,9<$C8+$D8),$B8/$D8,0) -> 0 | N8: =IF(AND(10>=$C8,10<$C8+$D8),$B8/$D8,0) -> 0 | O8: =IF(AND(11>=$C8,11<$C8+$D8),$B8/$D8,0) -> 0 | P8: =IF(AND(12>=$C8,12<$C8+$D8),$B8/$D8,0) -> 0 | Q8: =IF(AND(13>=$C8,13<$C8+$D8),$B8/$D8,0) -> 0 | R8: =IF(AND(14>=$C8,14<$C8+$D8),$B8/$D8,0) -> 0 | S8: =IF(AND(15>=$C8,15<$C8+$D8),$B8/$D8,0) -> 0 | T8: =IF(AND(16>=$C8,16<$C8+$D8),$B8/$D8,0) -> 0 | U8: =IF(AND(17>=$C8,17<$C8+$D8),$B8/$D8,0) -> 0 | V8: =IF(AND(18>=$C8,18<$C8+$D8),$B8/$D8,0) -> 0 | W8: =IF(AND(19>=$C8,19<$C8+$D8),$B8/$D8,0) -> 0 | X8: =IF(AND(20>=$C8,20<$C8+$D8),$B8/$D8,0) -> 0 | Y8: =IF(AND(21>=$C8,21<$C8+$D8),$B8/$D8,0) -> 0 | Z8: =IF(AND(22>=$C8,22<$C8+$D8),$B8/$D8,0) -> 0 | AA8: =IF(AND(23>=$C8,23<$C8+$D8),$B8/$D8,0) -> 0 | AB8: =IF(AND(24>=$C8,24<$C8+$D8),$B8/$D8,0) -> 0 | AC8: =IF(AND(25>=$C8,25<$C8+$D8),$B8/$D8,0) -> 0 | AD8: =IF(AND(26>=$C8,26<$C8+$D8),$B8/$D8,0) -> 0 | AE8: =IF(AND(27>=$C8,27<$C8+$D8),$B8/$D8,0) -> 0 | AF8: =IF(AND(28>=$C8,28<$C8+$D8),$B8/$D8,0) -> 0 | AG8: =IF(AND(29>=$C8,29<$C8+$D8),$B8/$D8,0) -> 0 | AH8: =IF(AND(30>=$C8,30<$C8+$D8),$B8/$D8,0) -> 0
A9: IV. DINDING | B9: ='RAB Borongan'!L22/'RAB Borongan'!L73 -> 0.17017062 | C9: =C8+D8 -> 5 | D9: ='Perhitungan Upah'!E157 -> 5 | E9: =IF(AND(1>=$C9,1<$C9+$D9),$B9/$D9,0) -> 0 | F9: =IF(AND(2>=$C9,2<$C9+$D9),$B9/$D9,0) -> 0 | G9: =IF(AND(3>=$C9,3<$C9+$D9),$B9/$D9,0) -> 0 | H9: =IF(AND(4>=$C9,4<$C9+$D9),$B9/$D9,0) -> 0 | I9: =IF(AND(5>=$C9,5<$C9+$D9),$B9/$D9,0) -> 0.034034125 | J9: =IF(AND(6>=$C9,6<$C9+$D9),$B9/$D9,0) -> 0.034034125 | K9: =IF(AND(7>=$C9,7<$C9+$D9),$B9/$D9,0) -> 0.034034125 | L9: =IF(AND(8>=$C9,8<$C9+$D9),$B9/$D9,0) -> 0.034034125 | M9: =IF(AND(9>=$C9,9<$C9+$D9),$B9/$D9,0) -> 0.034034125 | N9: =IF(AND(10>=$C9,10<$C9+$D9),$B9/$D9,0) -> 0 | O9: =IF(AND(11>=$C9,11<$C9+$D9),$B9/$D9,0) -> 0 | P9: =IF(AND(12>=$C9,12<$C9+$D9),$B9/$D9,0) -> 0 | Q9: =IF(AND(13>=$C9,13<$C9+$D9),$B9/$D9,0) -> 0 | R9: =IF(AND(14>=$C9,14<$C9+$D9),$B9/$D9,0) -> 0 | S9: =IF(AND(15>=$C9,15<$C9+$D9),$B9/$D9,0) -> 0 | T9: =IF(AND(16>=$C9,16<$C9+$D9),$B9/$D9,0) -> 0 | U9: =IF(AND(17>=$C9,17<$C9+$D9),$B9/$D9,0) -> 0 | V9: =IF(AND(18>=$C9,18<$C9+$D9),$B9/$D9,0) -> 0 | W9: =IF(AND(19>=$C9,19<$C9+$D9),$B9/$D9,0) -> 0 | X9: =IF(AND(20>=$C9,20<$C9+$D9),$B9/$D9,0) -> 0 | Y9: =IF(AND(21>=$C9,21<$C9+$D9),$B9/$D9,0) -> 0 | Z9: =IF(AND(22>=$C9,22<$C9+$D9),$B9/$D9,0) -> 0 | AA9: =IF(AND(23>=$C9,23<$C9+$D9),$B9/$D9,0) -> 0 | AB9: =IF(AND(24>=$C9,24<$C9+$D9),$B9/$D9,0) -> 0 | AC9: =IF(AND(25>=$C9,25<$C9+$D9),$B9/$D9,0) -> 0 | AD9: =IF(AND(26>=$C9,26<$C9+$D9),$B9/$D9,0) -> 0 | AE9: =IF(AND(27>=$C9,27<$C9+$D9),$B9/$D9,0) -> 0 | AF9: =IF(AND(28>=$C9,28<$C9+$D9),$B9/$D9,0) -> 0 | AG9: =IF(AND(29>=$C9,29<$C9+$D9),$B9/$D9,0) -> 0 | AH9: =IF(AND(30>=$C9,30<$C9+$D9),$B9/$D9,0) -> 0
A10: V. ATAP | B10: ='RAB Borongan'!L25/'RAB Borongan'!L73 -> 0.14346918 | C10: =C9+D9 -> 10 | D10: ='Perhitungan Upah'!E158 -> 2 | E10: =IF(AND(1>=$C10,1<$C10+$D10),$B10/$D10,0) -> 0 | F10: =IF(AND(2>=$C10,2<$C10+$D10),$B10/$D10,0) -> 0 | G10: =IF(AND(3>=$C10,3<$C10+$D10),$B10/$D10,0) -> 0 | H10: =IF(AND(4>=$C10,4<$C10+$D10),$B10/$D10,0) -> 0 | I10: =IF(AND(5>=$C10,5<$C10+$D10),$B10/$D10,0) -> 0 | J10: =IF(AND(6>=$C10,6<$C10+$D10),$B10/$D10,0) -> 0 | K10: =IF(AND(7>=$C10,7<$C10+$D10),$B10/$D10,0) -> 0 | L10: =IF(AND(8>=$C10,8<$C10+$D10),$B10/$D10,0) -> 0 | M10: =IF(AND(9>=$C10,9<$C10+$D10),$B10/$D10,0) -> 0 | N10: =IF(AND(10>=$C10,10<$C10+$D10),$B10/$D10,0) -> 0.07173459 | O10: =IF(AND(11>=$C10,11<$C10+$D10),$B10/$D10,0) -> 0.07173459 | P10: =IF(AND(12>=$C10,12<$C10+$D10),$B10/$D10,0) -> 0 | Q10: =IF(AND(13>=$C10,13<$C10+$D10),$B10/$D10,0) -> 0 | R10: =IF(AND(14>=$C10,14<$C10+$D10),$B10/$D10,0) -> 0 | S10: =IF(AND(15>=$C10,15<$C10+$D10),$B10/$D10,0) -> 0 | T10: =IF(AND(16>=$C10,16<$C10+$D10),$B10/$D10,0) -> 0 | U10: =IF(AND(17>=$C10,17<$C10+$D10),$B10/$D10,0) -> 0 | V10: =IF(AND(18>=$C10,18<$C10+$D10),$B10/$D10,0) -> 0 | W10: =IF(AND(19>=$C10,19<$C10+$D10),$B10/$D10,0) -> 0 | X10: =IF(AND(20>=$C10,20<$C10+$D10),$B10/$D10,0) -> 0 | Y10: =IF(AND(21>=$C10,21<$C10+$D10),$B10/$D10,0) -> 0 | Z10: =IF(AND(22>=$C10,22<$C10+$D10),$B10/$D10,0) -> 0 | AA10: =IF(AND(23>=$C10,23<$C10+$D10),$B10/$D10,0) -> 0 | AB10: =IF(AND(24>=$C10,24<$C10+$D10),$B10/$D10,0) -> 0 | AC10: =IF(AND(25>=$C10,25<$C10+$D10),$B10/$D10,0) -> 0 | AD10: =IF(AND(26>=$C10,26<$C10+$D10),$B10/$D10,0) -> 0 | AE10: =IF(AND(27>=$C10,27<$C10+$D10),$B10/$D10,0) -> 0 | AF10: =IF(AND(28>=$C10,28<$C10+$D10),$B10/$D10,0) -> 0 | AG10: =IF(AND(29>=$C10,29<$C10+$D10),$B10/$D10,0) -> 0 | AH10: =IF(AND(30>=$C10,30<$C10+$D10),$B10/$D10,0) -> 0
A11: VI. PLAFON | B11: ='RAB Borongan'!L30/'RAB Borongan'!L73 -> 0.020051578 | C11: =C10+D10 -> 12 | D11: ='Perhitungan Upah'!E159 -> 1 | E11: =IF(AND(1>=$C11,1<$C11+$D11),$B11/$D11,0) -> 0 | F11: =IF(AND(2>=$C11,2<$C11+$D11),$B11/$D11,0) -> 0 | G11: =IF(AND(3>=$C11,3<$C11+$D11),$B11/$D11,0) -> 0 | H11: =IF(AND(4>=$C11,4<$C11+$D11),$B11/$D11,0) -> 0 | I11: =IF(AND(5>=$C11,5<$C11+$D11),$B11/$D11,0) -> 0 | J11: =IF(AND(6>=$C11,6<$C11+$D11),$B11/$D11,0) -> 0 | K11: =IF(AND(7>=$C11,7<$C11+$D11),$B11/$D11,0) -> 0 | L11: =IF(AND(8>=$C11,8<$C11+$D11),$B11/$D11,0) -> 0 | M11: =IF(AND(9>=$C11,9<$C11+$D11),$B11/$D11,0) -> 0 | N11: =IF(AND(10>=$C11,10<$C11+$D11),$B11/$D11,0) -> 0 | O11: =IF(AND(11>=$C11,11<$C11+$D11),$B11/$D11,0) -> 0 | P11: =IF(AND(12>=$C11,12<$C11+$D11),$B11/$D11,0) -> 0.020051578 | Q11: =IF(AND(13>=$C11,13<$C11+$D11),$B11/$D11,0) -> 0 | R11: =IF(AND(14>=$C11,14<$C11+$D11),$B11/$D11,0) -> 0 | S11: =IF(AND(15>=$C11,15<$C11+$D11),$B11/$D11,0) -> 0 | T11: =IF(AND(16>=$C11,16<$C11+$D11),$B11/$D11,0) -> 0 | U11: =IF(AND(17>=$C11,17<$C11+$D11),$B11/$D11,0) -> 0 | V11: =IF(AND(18>=$C11,18<$C11+$D11),$B11/$D11,0) -> 0 | W11: =IF(AND(19>=$C11,19<$C11+$D11),$B11/$D11,0) -> 0 | X11: =IF(AND(20>=$C11,20<$C11+$D11),$B11/$D11,0) -> 0 | Y11: =IF(AND(21>=$C11,21<$C11+$D11),$B11/$D11,0) -> 0 | Z11: =IF(AND(22>=$C11,22<$C11+$D11),$B11/$D11,0) -> 0 | AA11: =IF(AND(23>=$C11,23<$C11+$D11),$B11/$D11,0) -> 0 | AB11: =IF(AND(24>=$C11,24<$C11+$D11),$B11/$D11,0) -> 0 | AC11: =IF(AND(25>=$C11,25<$C11+$D11),$B11/$D11,0) -> 0 | AD11: =IF(AND(26>=$C11,26<$C11+$D11),$B11/$D11,0) -> 0 | AE11: =IF(AND(27>=$C11,27<$C11+$D11),$B11/$D11,0) -> 0 | AF11: =IF(AND(28>=$C11,28<$C11+$D11),$B11/$D11,0) -> 0 | AG11: =IF(AND(29>=$C11,29<$C11+$D11),$B11/$D11,0) -> 0 | AH11: =IF(AND(30>=$C11,30<$C11+$D11),$B11/$D11,0) -> 0
A12: VII. LANTAI & KERAMIK | B12: ='RAB Borongan'!L32/'RAB Borongan'!L73 -> 0.067653308 | C12: =C11+D11 -> 13 | D12: ='Perhitungan Upah'!E160 -> 2 | E12: =IF(AND(1>=$C12,1<$C12+$D12),$B12/$D12,0) -> 0 | F12: =IF(AND(2>=$C12,2<$C12+$D12),$B12/$D12,0) -> 0 | G12: =IF(AND(3>=$C12,3<$C12+$D12),$B12/$D12,0) -> 0 | H12: =IF(AND(4>=$C12,4<$C12+$D12),$B12/$D12,0) -> 0 | I12: =IF(AND(5>=$C12,5<$C12+$D12),$B12/$D12,0) -> 0 | J12: =IF(AND(6>=$C12,6<$C12+$D12),$B12/$D12,0) -> 0 | K12: =IF(AND(7>=$C12,7<$C12+$D12),$B12/$D12,0) -> 0 | L12: =IF(AND(8>=$C12,8<$C12+$D12),$B12/$D12,0) -> 0 | M12: =IF(AND(9>=$C12,9<$C12+$D12),$B12/$D12,0) -> 0 | N12: =IF(AND(10>=$C12,10<$C12+$D12),$B12/$D12,0) -> 0 | O12: =IF(AND(11>=$C12,11<$C12+$D12),$B12/$D12,0) -> 0 | P12: =IF(AND(12>=$C12,12<$C12+$D12),$B12/$D12,0) -> 0 | Q12: =IF(AND(13>=$C12,13<$C12+$D12),$B12/$D12,0) -> 0.033826654 | R12: =IF(AND(14>=$C12,14<$C12+$D12),$B12/$D12,0) -> 0.033826654 | S12: =IF(AND(15>=$C12,15<$C12+$D12),$B12/$D12,0) -> 0 | T12: =IF(AND(16>=$C12,16<$C12+$D12),$B12/$D12,0) -> 0 | U12: =IF(AND(17>=$C12,17<$C12+$D12),$B12/$D12,0) -> 0 | V12: =IF(AND(18>=$C12,18<$C12+$D12),$B12/$D12,0) -> 0 | W12: =IF(AND(19>=$C12,19<$C12+$D12),$B12/$D12,0) -> 0 | X12: =IF(AND(20>=$C12,20<$C12+$D12),$B12/$D12,0) -> 0 | Y12: =IF(AND(21>=$C12,21<$C12+$D12),$B12/$D12,0) -> 0 | Z12: =IF(AND(22>=$C12,22<$C12+$D12),$B12/$D12,0) -> 0 | AA12: =IF(AND(23>=$C12,23<$C12+$D12),$B12/$D12,0) -> 0 | AB12: =IF(AND(24>=$C12,24<$C12+$D12),$B12/$D12,0) -> 0 | AC12: =IF(AND(25>=$C12,25<$C12+$D12),$B12/$D12,0) -> 0 | AD12: =IF(AND(26>=$C12,26<$C12+$D12),$B12/$D12,0) -> 0 | AE12: =IF(AND(27>=$C12,27<$C12+$D12),$B12/$D12,0) -> 0 | AF12: =IF(AND(28>=$C12,28<$C12+$D12),$B12/$D12,0) -> 0 | AG12: =IF(AND(29>=$C12,29<$C12+$D12),$B12/$D12,0) -> 0 | AH12: =IF(AND(30>=$C12,30<$C12+$D12),$B12/$D12,0) -> 0
A13: VIII. PINTU & JENDELA | B13: ='RAB Borongan'!L38/'RAB Borongan'!L73 -> 0.091730934 | C13: =C12+D12 -> 15 | D13: ='Perhitungan Upah'!E161 -> 1 | E13: =IF(AND(1>=$C13,1<$C13+$D13),$B13/$D13,0) -> 0 | F13: =IF(AND(2>=$C13,2<$C13+$D13),$B13/$D13,0) -> 0 | G13: =IF(AND(3>=$C13,3<$C13+$D13),$B13/$D13,0) -> 0 | H13: =IF(AND(4>=$C13,4<$C13+$D13),$B13/$D13,0) -> 0 | I13: =IF(AND(5>=$C13,5<$C13+$D13),$B13/$D13,0) -> 0 | J13: =IF(AND(6>=$C13,6<$C13+$D13),$B13/$D13,0) -> 0 | K13: =IF(AND(7>=$C13,7<$C13+$D13),$B13/$D13,0) -> 0 | L13: =IF(AND(8>=$C13,8<$C13+$D13),$B13/$D13,0) -> 0 | M13: =IF(AND(9>=$C13,9<$C13+$D13),$B13/$D13,0) -> 0 | N13: =IF(AND(10>=$C13,10<$C13+$D13),$B13/$D13,0) -> 0 | O13: =IF(AND(11>=$C13,11<$C13+$D13),$B13/$D13,0) -> 0 | P13: =IF(AND(12>=$C13,12<$C13+$D13),$B13/$D13,0) -> 0 | Q13: =IF(AND(13>=$C13,13<$C13+$D13),$B13/$D13,0) -> 0 | R13: =IF(AND(14>=$C13,14<$C13+$D13),$B13/$D13,0) -> 0 | S13: =IF(AND(15>=$C13,15<$C13+$D13),$B13/$D13,0) -> 0.091730934 | T13: =IF(AND(16>=$C13,16<$C13+$D13),$B13/$D13,0) -> 0 | U13: =IF(AND(17>=$C13,17<$C13+$D13),$B13/$D13,0) -> 0 | V13: =IF(AND(18>=$C13,18<$C13+$D13),$B13/$D13,0) -> 0 | W13: =IF(AND(19>=$C13,19<$C13+$D13),$B13/$D13,0) -> 0 | X13: =IF(AND(20>=$C13,20<$C13+$D13),$B13/$D13,0) -> 0 | Y13: =IF(AND(21>=$C13,21<$C13+$D13),$B13/$D13,0) -> 0 | Z13: =IF(AND(22>=$C13,22<$C13+$D13),$B13/$D13,0) -> 0 | AA13: =IF(AND(23>=$C13,23<$C13+$D13),$B13/$D13,0) -> 0 | AB13: =IF(AND(24>=$C13,24<$C13+$D13),$B13/$D13,0) -> 0 | AC13: =IF(AND(25>=$C13,25<$C13+$D13),$B13/$D13,0) -> 0 | AD13: =IF(AND(26>=$C13,26<$C13+$D13),$B13/$D13,0) -> 0 | AE13: =IF(AND(27>=$C13,27<$C13+$D13),$B13/$D13,0) -> 0 | AF13: =IF(AND(28>=$C13,28<$C13+$D13),$B13/$D13,0) -> 0 | AG13: =IF(AND(29>=$C13,29<$C13+$D13),$B13/$D13,0) -> 0 | AH13: =IF(AND(30>=$C13,30<$C13+$D13),$B13/$D13,0) -> 0
A14: IX. CAT | B14: ='RAB Borongan'!L44/'RAB Borongan'!L73 -> 0.052396655 | C14: =C13+D13 -> 16 | D14: ='Perhitungan Upah'!E162 -> 1 | E14: =IF(AND(1>=$C14,1<$C14+$D14),$B14/$D14,0) -> 0 | F14: =IF(AND(2>=$C14,2<$C14+$D14),$B14/$D14,0) -> 0 | G14: =IF(AND(3>=$C14,3<$C14+$D14),$B14/$D14,0) -> 0 | H14: =IF(AND(4>=$C14,4<$C14+$D14),$B14/$D14,0) -> 0 | I14: =IF(AND(5>=$C14,5<$C14+$D14),$B14/$D14,0) -> 0 | J14: =IF(AND(6>=$C14,6<$C14+$D14),$B14/$D14,0) -> 0 | K14: =IF(AND(7>=$C14,7<$C14+$D14),$B14/$D14,0) -> 0 | L14: =IF(AND(8>=$C14,8<$C14+$D14),$B14/$D14,0) -> 0 | M14: =IF(AND(9>=$C14,9<$C14+$D14),$B14/$D14,0) -> 0 | N14: =IF(AND(10>=$C14,10<$C14+$D14),$B14/$D14,0) -> 0 | O14: =IF(AND(11>=$C14,11<$C14+$D14),$B14/$D14,0) -> 0 | P14: =IF(AND(12>=$C14,12<$C14+$D14),$B14/$D14,0) -> 0 | Q14: =IF(AND(13>=$C14,13<$C14+$D14),$B14/$D14,0) -> 0 | R14: =IF(AND(14>=$C14,14<$C14+$D14),$B14/$D14,0) -> 0 | S14: =IF(AND(15>=$C14,15<$C14+$D14),$B14/$D14,0) -> 0 | T14: =IF(AND(16>=$C14,16<$C14+$D14),$B14/$D14,0) -> 0.052396655 | U14: =IF(AND(17>=$C14,17<$C14+$D14),$B14/$D14,0) -> 0 | V14: =IF(AND(18>=$C14,18<$C14+$D14),$B14/$D14,0) -> 0 | W14: =IF(AND(19>=$C14,19<$C14+$D14),$B14/$D14,0) -> 0 | X14: =IF(AND(20>=$C14,20<$C14+$D14),$B14/$D14,0) -> 0 | Y14: =IF(AND(21>=$C14,21<$C14+$D14),$B14/$D14,0) -> 0 | Z14: =IF(AND(22>=$C14,22<$C14+$D14),$B14/$D14,0) -> 0 | AA14: =IF(AND(23>=$C14,23<$C14+$D14),$B14/$D14,0) -> 0 | AB14: =IF(AND(24>=$C14,24<$C14+$D14),$B14/$D14,0) -> 0 | AC14: =IF(AND(25>=$C14,25<$C14+$D14),$B14/$D14,0) -> 0 | AD14: =IF(AND(26>=$C14,26<$C14+$D14),$B14/$D14,0) -> 0 | AE14: =IF(AND(27>=$C14,27<$C14+$D14),$B14/$D14,0) -> 0 | AF14: =IF(AND(28>=$C14,28<$C14+$D14),$B14/$D14,0) -> 0 | AG14: =IF(AND(29>=$C14,29<$C14+$D14),$B14/$D14,0) -> 0 | AH14: =IF(AND(30>=$C14,30<$C14+$D14),$B14/$D14,0) -> 0
A15: X. SANITAIR & PLUMBING | B15: ='RAB Borongan'!L47/'RAB Borongan'!L73 -> 0.072223813 | C15: =C14 -> 16 | D15: ='Perhitungan Upah'!E163 -> 1 | E15: =IF(AND(1>=$C15,1<$C15+$D15),$B15/$D15,0) -> 0 | F15: =IF(AND(2>=$C15,2<$C15+$D15),$B15/$D15,0) -> 0 | G15: =IF(AND(3>=$C15,3<$C15+$D15),$B15/$D15,0) -> 0 | H15: =IF(AND(4>=$C15,4<$C15+$D15),$B15/$D15,0) -> 0 | I15: =IF(AND(5>=$C15,5<$C15+$D15),$B15/$D15,0) -> 0 | J15: =IF(AND(6>=$C15,6<$C15+$D15),$B15/$D15,0) -> 0 | K15: =IF(AND(7>=$C15,7<$C15+$D15),$B15/$D15,0) -> 0 | L15: =IF(AND(8>=$C15,8<$C15+$D15),$B15/$D15,0) -> 0 | M15: =IF(AND(9>=$C15,9<$C15+$D15),$B15/$D15,0) -> 0 | N15: =IF(AND(10>=$C15,10<$C15+$D15),$B15/$D15,0) -> 0 | O15: =IF(AND(11>=$C15,11<$C15+$D15),$B15/$D15,0) -> 0 | P15: =IF(AND(12>=$C15,12<$C15+$D15),$B15/$D15,0) -> 0 | Q15: =IF(AND(13>=$C15,13<$C15+$D15),$B15/$D15,0) -> 0 | R15: =IF(AND(14>=$C15,14<$C15+$D15),$B15/$D15,0) -> 0 | S15: =IF(AND(15>=$C15,15<$C15+$D15),$B15/$D15,0) -> 0 | T15: =IF(AND(16>=$C15,16<$C15+$D15),$B15/$D15,0) -> 0.072223813 | U15: =IF(AND(17>=$C15,17<$C15+$D15),$B15/$D15,0) -> 0 | V15: =IF(AND(18>=$C15,18<$C15+$D15),$B15/$D15,0) -> 0 | W15: =IF(AND(19>=$C15,19<$C15+$D15),$B15/$D15,0) -> 0 | X15: =IF(AND(20>=$C15,20<$C15+$D15),$B15/$D15,0) -> 0 | Y15: =IF(AND(21>=$C15,21<$C15+$D15),$B15/$D15,0) -> 0 | Z15: =IF(AND(22>=$C15,22<$C15+$D15),$B15/$D15,0) -> 0 | AA15: =IF(AND(23>=$C15,23<$C15+$D15),$B15/$D15,0) -> 0 | AB15: =IF(AND(24>=$C15,24<$C15+$D15),$B15/$D15,0) -> 0 | AC15: =IF(AND(25>=$C15,25<$C15+$D15),$B15/$D15,0) -> 0 | AD15: =IF(AND(26>=$C15,26<$C15+$D15),$B15/$D15,0) -> 0 | AE15: =IF(AND(27>=$C15,27<$C15+$D15),$B15/$D15,0) -> 0 | AF15: =IF(AND(28>=$C15,28<$C15+$D15),$B15/$D15,0) -> 0 | AG15: =IF(AND(29>=$C15,29<$C15+$D15),$B15/$D15,0) -> 0 | AH15: =IF(AND(30>=$C15,30<$C15+$D15),$B15/$D15,0) -> 0
A16: XI. LISTRIK | B16: ='RAB Borongan'!L59/'RAB Borongan'!L73 -> 0.043644488 | C16: =C15 -> 16 | D16: ='Perhitungan Upah'!E164 -> 1 | E16: =IF(AND(1>=$C16,1<$C16+$D16),$B16/$D16,0) -> 0 | F16: =IF(AND(2>=$C16,2<$C16+$D16),$B16/$D16,0) -> 0 | G16: =IF(AND(3>=$C16,3<$C16+$D16),$B16/$D16,0) -> 0 | H16: =IF(AND(4>=$C16,4<$C16+$D16),$B16/$D16,0) -> 0 | I16: =IF(AND(5>=$C16,5<$C16+$D16),$B16/$D16,0) -> 0 | J16: =IF(AND(6>=$C16,6<$C16+$D16),$B16/$D16,0) -> 0 | K16: =IF(AND(7>=$C16,7<$C16+$D16),$B16/$D16,0) -> 0 | L16: =IF(AND(8>=$C16,8<$C16+$D16),$B16/$D16,0) -> 0 | M16: =IF(AND(9>=$C16,9<$C16+$D16),$B16/$D16,0) -> 0 | N16: =IF(AND(10>=$C16,10<$C16+$D16),$B16/$D16,0) -> 0 | O16: =IF(AND(11>=$C16,11<$C16+$D16),$B16/$D16,0) -> 0 | P16: =IF(AND(12>=$C16,12<$C16+$D16),$B16/$D16,0) -> 0 | Q16: =IF(AND(13>=$C16,13<$C16+$D16),$B16/$D16,0) -> 0 | R16: =IF(AND(14>=$C16,14<$C16+$D16),$B16/$D16,0) -> 0 | S16: =IF(AND(15>=$C16,15<$C16+$D16),$B16/$D16,0) -> 0 | T16: =IF(AND(16>=$C16,16<$C16+$D16),$B16/$D16,0) -> 0.043644488 | U16: =IF(AND(17>=$C16,17<$C16+$D16),$B16/$D16,0) -> 0 | V16: =IF(AND(18>=$C16,18<$C16+$D16),$B16/$D16,0) -> 0 | W16: =IF(AND(19>=$C16,19<$C16+$D16),$B16/$D16,0) -> 0 | X16: =IF(AND(20>=$C16,20<$C16+$D16),$B16/$D16,0) -> 0 | Y16: =IF(AND(21>=$C16,21<$C16+$D16),$B16/$D16,0) -> 0 | Z16: =IF(AND(22>=$C16,22<$C16+$D16),$B16/$D16,0) -> 0 | AA16: =IF(AND(23>=$C16,23<$C16+$D16),$B16/$D16,0) -> 0 | AB16: =IF(AND(24>=$C16,24<$C16+$D16),$B16/$D16,0) -> 0 | AC16: =IF(AND(25>=$C16,25<$C16+$D16),$B16/$D16,0) -> 0 | AD16: =IF(AND(26>=$C16,26<$C16+$D16),$B16/$D16,0) -> 0 | AE16: =IF(AND(27>=$C16,27<$C16+$D16),$B16/$D16,0) -> 0 | AF16: =IF(AND(28>=$C16,28<$C16+$D16),$B16/$D16,0) -> 0 | AG16: =IF(AND(29>=$C16,29<$C16+$D16),$B16/$D16,0) -> 0 | AH16: =IF(AND(30>=$C16,30<$C16+$D16),$B16/$D16,0) -> 0
A17: XII. DAPUR | B17: ='RAB Borongan'!L63/'RAB Borongan'!L73 -> 0.022161947 | C17: =C16+D16 -> 17 | D17: ='Perhitungan Upah'!E165 -> 1 | E17: =IF(AND(1>=$C17,1<$C17+$D17),$B17/$D17,0) -> 0 | F17: =IF(AND(2>=$C17,2<$C17+$D17),$B17/$D17,0) -> 0 | G17: =IF(AND(3>=$C17,3<$C17+$D17),$B17/$D17,0) -> 0 | H17: =IF(AND(4>=$C17,4<$C17+$D17),$B17/$D17,0) -> 0 | I17: =IF(AND(5>=$C17,5<$C17+$D17),$B17/$D17,0) -> 0 | J17: =IF(AND(6>=$C17,6<$C17+$D17),$B17/$D17,0) -> 0 | K17: =IF(AND(7>=$C17,7<$C17+$D17),$B17/$D17,0) -> 0 | L17: =IF(AND(8>=$C17,8<$C17+$D17),$B17/$D17,0) -> 0 | M17: =IF(AND(9>=$C17,9<$C17+$D17),$B17/$D17,0) -> 0 | N17: =IF(AND(10>=$C17,10<$C17+$D17),$B17/$D17,0) -> 0 | O17: =IF(AND(11>=$C17,11<$C17+$D17),$B17/$D17,0) -> 0 | P17: =IF(AND(12>=$C17,12<$C17+$D17),$B17/$D17,0) -> 0 | Q17: =IF(AND(13>=$C17,13<$C17+$D17),$B17/$D17,0) -> 0 | R17: =IF(AND(14>=$C17,14<$C17+$D17),$B17/$D17,0) -> 0 | S17: =IF(AND(15>=$C17,15<$C17+$D17),$B17/$D17,0) -> 0 | T17: =IF(AND(16>=$C17,16<$C17+$D17),$B17/$D17,0) -> 0 | U17: =IF(AND(17>=$C17,17<$C17+$D17),$B17/$D17,0) -> 0.022161947 | V17: =IF(AND(18>=$C17,18<$C17+$D17),$B17/$D17,0) -> 0 | W17: =IF(AND(19>=$C17,19<$C17+$D17),$B17/$D17,0) -> 0 | X17: =IF(AND(20>=$C17,20<$C17+$D17),$B17/$D17,0) -> 0 | Y17: =IF(AND(21>=$C17,21<$C17+$D17),$B17/$D17,0) -> 0 | Z17: =IF(AND(22>=$C17,22<$C17+$D17),$B17/$D17,0) -> 0 | AA17: =IF(AND(23>=$C17,23<$C17+$D17),$B17/$D17,0) -> 0 | AB17: =IF(AND(24>=$C17,24<$C17+$D17),$B17/$D17,0) -> 0 | AC17: =IF(AND(25>=$C17,25<$C17+$D17),$B17/$D17,0) -> 0 | AD17: =IF(AND(26>=$C17,26<$C17+$D17),$B17/$D17,0) -> 0 | AE17: =IF(AND(27>=$C17,27<$C17+$D17),$B17/$D17,0) -> 0 | AF17: =IF(AND(28>=$C17,28<$C17+$D17),$B17/$D17,0) -> 0 | AG17: =IF(AND(29>=$C17,29<$C17+$D17),$B17/$D17,0) -> 0 | AH17: =IF(AND(30>=$C17,30<$C17+$D17),$B17/$D17,0) -> 0
A18: XIII. CARPORT, KANOPI & PAGAR | B18: ='RAB Borongan'!L65/'RAB Borongan'!L73 -> 0.13170168 | C18: =C17+D17 -> 18 | D18: ='Perhitungan Upah'!E166 -> 1 | E18: =IF(AND(1>=$C18,1<$C18+$D18),$B18/$D18,0) -> 0 | F18: =IF(AND(2>=$C18,2<$C18+$D18),$B18/$D18,0) -> 0 | G18: =IF(AND(3>=$C18,3<$C18+$D18),$B18/$D18,0) -> 0 | H18: =IF(AND(4>=$C18,4<$C18+$D18),$B18/$D18,0) -> 0 | I18: =IF(AND(5>=$C18,5<$C18+$D18),$B18/$D18,0) -> 0 | J18: =IF(AND(6>=$C18,6<$C18+$D18),$B18/$D18,0) -> 0 | K18: =IF(AND(7>=$C18,7<$C18+$D18),$B18/$D18,0) -> 0 | L18: =IF(AND(8>=$C18,8<$C18+$D18),$B18/$D18,0) -> 0 | M18: =IF(AND(9>=$C18,9<$C18+$D18),$B18/$D18,0) -> 0 | N18: =IF(AND(10>=$C18,10<$C18+$D18),$B18/$D18,0) -> 0 | O18: =IF(AND(11>=$C18,11<$C18+$D18),$B18/$D18,0) -> 0 | P18: =IF(AND(12>=$C18,12<$C18+$D18),$B18/$D18,0) -> 0 | Q18: =IF(AND(13>=$C18,13<$C18+$D18),$B18/$D18,0) -> 0 | R18: =IF(AND(14>=$C18,14<$C18+$D18),$B18/$D18,0) -> 0 | S18: =IF(AND(15>=$C18,15<$C18+$D18),$B18/$D18,0) -> 0 | T18: =IF(AND(16>=$C18,16<$C18+$D18),$B18/$D18,0) -> 0 | U18: =IF(AND(17>=$C18,17<$C18+$D18),$B18/$D18,0) -> 0 | V18: =IF(AND(18>=$C18,18<$C18+$D18),$B18/$D18,0) -> 0.13170168 | W18: =IF(AND(19>=$C18,19<$C18+$D18),$B18/$D18,0) -> 0 | X18: =IF(AND(20>=$C18,20<$C18+$D18),$B18/$D18,0) -> 0 | Y18: =IF(AND(21>=$C18,21<$C18+$D18),$B18/$D18,0) -> 0 | Z18: =IF(AND(22>=$C18,22<$C18+$D18),$B18/$D18,0) -> 0 | AA18: =IF(AND(23>=$C18,23<$C18+$D18),$B18/$D18,0) -> 0 | AB18: =IF(AND(24>=$C18,24<$C18+$D18),$B18/$D18,0) -> 0 | AC18: =IF(AND(25>=$C18,25<$C18+$D18),$B18/$D18,0) -> 0 | AD18: =IF(AND(26>=$C18,26<$C18+$D18),$B18/$D18,0) -> 0 | AE18: =IF(AND(27>=$C18,27<$C18+$D18),$B18/$D18,0) -> 0 | AF18: =IF(AND(28>=$C18,28<$C18+$D18),$B18/$D18,0) -> 0 | AG18: =IF(AND(29>=$C18,29<$C18+$D18),$B18/$D18,0) -> 0 | AH18: =IF(AND(30>=$C18,30<$C18+$D18),$B18/$D18,0) -> 0
A19: Rencana per minggu | E19: =SUM(E6:E18) -> 0.020298107 | F19: =SUM(F6:F18) -> 0.044349474 | G19: =SUM(G6:G18) -> 0.044349474 | H19: =SUM(H6:H18) -> 0.075798736 | I19: =SUM(I6:I18) -> 0.034034125 | J19: =SUM(J6:J18) -> 0.034034125 | K19: =SUM(K6:K18) -> 0.034034125 | L19: =SUM(L6:L18) -> 0.034034125 | ... AH19: =SUM(AH6:AH18) -> 0
A20: RENCANA KUMULATIF | E20: =E19 -> 0.020298107 | F20: =E20+F19 -> 0.064647582 | G20: =F20+G19 -> 0.10899706 | H20: =G20+H19 -> 0.18479579 | I20: =H20+I19 -> 0.21882992 | J20: =I20+J19 -> 0.25286404 | K20: =J20+K19 -> 0.28689817 | L20: =K20+L19 -> 0.32093229 | M20: =L20+M19 -> 0.35496642 | ... AH20: =AG20+AH19 -> 1
A22: REALISASI (%) — progres kumulatif tiap tahap
A23: I. PERSIAPAN | E23: 1 | F23: 1 | G23: 1 | H23: 1
A24: II. TANAH & PONDASI | E24: 0 | F24: 0.6 | G24: 1 | H24: 1
A25: III. STRUKTUR BETON | E25: 0 | F25: 0 | G25: 0 | H25: 0.5
A26: IV. DINDING | E26: 0 | F26: 0 | G26: 0 | H26: 0
A27: V. ATAP | E27: 0 | F27: 0 | G27: 0 | H27: 0
A28: VI. PLAFON | E28: 0 | F28: 0 | G28: 0 | H28: 0
A29: VII. LANTAI & KERAMIK | E29: 0 | F29: 0 | G29: 0 | H29: 0
A30: VIII. PINTU & JENDELA | E30: 0 | F30: 0 | G30: 0 | H30: 0
A31: IX. CAT | E31: 0 | F31: 0 | G31: 0 | H31: 0
A32: X. SANITAIR & PLUMBING | E32: 0 | F32: 0 | G32: 0 | H32: 0
A33: XI. LISTRIK | E33: 0 | F33: 0 | G33: 0 | H33: 0
A34: XII. DAPUR | E34: 0 | F34: 0 | G34: 0 | H34: 0
A35: XIII. CARPORT, KANOPI & PAGAR | E35: 0 | F35: 0 | G35: 0 | H35: 0
A36: REALISASI KUMULATIF | E36: =IF(1<=$B$3,SUMPRODUCT($B$6:$B$18,E23:E35),"") -> 0.020298107 | F36: =IF(2<=$B$3,SUMPRODUCT($B$6:$B$18,F23:F35),"") -> 0.073517477 | G36: =IF(3<=$B$3,SUMPRODUCT($B$6:$B$18,G23:G35),"") -> 0.10899706 | H36: =IF(4<=$B$3,SUMPRODUCT($B$6:$B$18,H23:H35),"") -> 0.14689642 | I36: =IF(5<=$B$3,SUMPRODUCT($B$6:$B$18,I23:I35),"") | J36: =IF(6<=$B$3,SUMPRODUCT($B$6:$B$18,J23:J35),"") | K36: =IF(7<=$B$3,SUMPRODUCT($B$6:$B$18,K23:K35),"") | L36: =IF(8<=$B$3,SUMPRODUCT($B$6:$B$18,L23:L35),"") | M36: =IF(9<=$B$3,SUMPRODUCT($B$6:$B$18,M23:M35),"") | N36: =IF(10<=$B$3,SUMPRODUCT($B$6:$B$18,N23:N35),"") | O36: =IF(11<=$B$3,SUMPRODUCT($B$6:$B$18,O23:O35),"") | P36: =IF(12<=$B$3,SUMPRODUCT($B$6:$B$18,P23:P35),"") | Q36: =IF(13<=$B$3,SUMPRODUCT($B$6:$B$18,Q23:Q35),"") | R36: =IF(14<=$B$3,SUMPRODUCT($B$6:$B$18,R23:R35),"") | S36: =IF(15<=$B$3,SUMPRODUCT($B$6:$B$18,S23:S35),"") | T36: =IF(16<=$B$3,SUMPRODUCT($B$6:$B$18,T23:T35),"") | U36: =IF(17<=$B$3,SUMPRODUCT($B$6:$B$18,U23:U35),"") | V36: =IF(18<=$B$3,SUMPRODUCT($B$6:$B$18,V23:V35),"") | W36: =IF(19<=$B$3,SUMPRODUCT($B$6:$B$18,W23:W35),"") | X36: =IF(20<=$B$3,SUMPRODUCT($B$6:$B$18,X23:X35),"") | Y36: =IF(21<=$B$3,SUMPRODUCT($B$6:$B$18,Y23:Y35),"") | Z36: =IF(22<=$B$3,SUMPRODUCT($B$6:$B$18,Z23:Z35),"") | AA36: =IF(23<=$B$3,SUMPRODUCT($B$6:$B$18,AA23:AA35),"") | AB36: =IF(24<=$B$3,SUMPRODUCT($B$6:$B$18,AB23:AB35),"") | AC36: =IF(25<=$B$3,SUMPRODUCT($B$6:$B$18,AC23:AC35),"") | AD36: =IF(26<=$B$3,SUMPRODUCT($B$6:$B$18,AD23:AD35),"") | AE36: =IF(27<=$B$3,SUMPRODUCT($B$6:$B$18,AE23:AE35),"") | AF36: =IF(28<=$B$3,SUMPRODUCT($B$6:$B$18,AF23:AF35),"") | AG36: =IF(29<=$B$3,SUMPRODUCT($B$6:$B$18,AG23:AG35),"") | AH36: =IF(30<=$B$3,SUMPRODUCT($B$6:$B$18,AH23:AH35),"")
A37: Deviasi | E37: =IF(1<=$B$3,E36-E20,"") -> 0 | F37: =IF(2<=$B$3,F36-F20,"") -> 0.0088698949 | G37: =IF(3<=$B$3,G36-G20,"") -> 0 | H37: =IF(4<=$B$3,H36-H20,"") -> -0.037899368 | I37: =IF(5<=$B$3,I36-I20,"") | J37: =IF(6<=$B$3,J36-J20,"") | K37: =IF(7<=$B$3,K36-K20,"") | L37: =IF(8<=$B$3,L36-L20,"") | M37: =IF(9<=$B$3,M36-M20,"") | N37: =IF(10<=$B$3,N36-N20,"") | O37: =IF(11<=$B$3,O36-O20,"") | P37: =IF(12<=$B$3,P36-P20,"") | Q37: =IF(13<=$B$3,Q36-Q20,"") | R37: =IF(14<=$B$3,R36-R20,"") | S37: =IF(15<=$B$3,S36-S20,"") | T37: =IF(16<=$B$3,T36-T20,"") | U37: =IF(17<=$B$3,U36-U20,"") | V37: =IF(18<=$B$3,V36-V20,"") | W37: =IF(19<=$B$3,W36-W20,"") | X37: =IF(20<=$B$3,X36-X20,"") | Y37: =IF(21<=$B$3,Y36-Y20,"") | Z37: =IF(22<=$B$3,Z36-Z20,"") | AA37: =IF(23<=$B$3,AA36-AA20,"") | AB37: =IF(24<=$B$3,AB36-AB20,"") | AC37: =IF(25<=$B$3,AC36-AC20,"") | AD37: =IF(26<=$B$3,AD36-AD20,"") | AE37: =IF(27<=$B$3,AE36-AE20,"") | AF37: =IF(28<=$B$3,AF36-AF20,"") | AG37: =IF(29<=$B$3,AG36-AG20,"") | AH37: =IF(30<=$B$3,AH36-AH20,"")
A38: Status minggu berjalan | B38: =IF(INDEX(E37:AH37,$B$3)<-0.05,"TERLAMBAT",IF(INDEX(E37:AH37,$B$3)>0.05,"LEBIH CEPAT","SESUAI RENCANA")) -> SESUAI RENCANA | D38: Minggu 1–4 berisi contoh — ganti dengan progres lapangan dan ubah 'Minggu berjalan'.

Sheet Volume
A1: Template Tipe 36/72 — 1 lantai, 2 kamar tidur, 1 KM, paket Menengah, DKI Jakarta
A2: Biru = ukuran template (bisa diubah). Hitam = volume otomatis.
A4: Parameter / volume | B4: Nilai | C4: Satuan | D4: Rumus / keterangan
A5: UKURAN TEMPLATE
A6: Lebar bangunan | B6: 6 | C6: m
A7: Panjang bangunan | B7: 6 | C7: m
A8: Tinggi dinding (sloof s/d ring balok) | B8: 3.2 | C8: m
A9: Panjang dinding dalam | B9: 10.5 | C9: m | D9: Sekat kamar, KM, dapur
A10: Luas bukaan pintu + jendela | B10: 14.29 | C10: m² | D10: Pintu utama 0,9×2,1; 2 pintu kamar & 1 belakang 0,8×2,1; KM 0,7×2,0; 4 jendela 1,2×1,2; bovenlight 0,5×0,4
A11: Lebar bukaan total (untuk balok latei) | B11: 9.3 | C11: m | D11: Jumlah lebar semua pintu & jendela
A12: Jumlah bukaan | B12: 10 | C12: buah
A13: Kemiringan atap | B13: 30 | C13: ° | D13: Pelana, genteng beton
A14: Overstek | B14: 0.6 | C14: m
A15: Jumlah kolom 15×15 | B15: 12 | C15: buah | D15: Sudut, pertemuan dinding, ujung dinding, samping bukaan lebar
A16: Teras | B16: 4.5 | C16: m² | D16: 1,5 × 3 m
A17: Carport | B17: 15 | C17: m² | D17: 3 × 5 m
A18: Lebar depan kavling (pagar) | B18: 6 | C18: m
A19: Lebar pintu pagar | B19: 3 | C19: m | D19: Pintu geser
A20: Luas lantai KM | B20: 3 | C20: m² | D20: 1,5 × 2 m
A21: Keramik dinding KM (full height, Menengah) | B21: 15.4 | C21: m² | D21: Keliling 7 m × 2,4 m − pintu
A22: VOLUME TURUNAN
A23: Luas bangunan | B23: =Volume!$B$6*Volume!$B$7 -> 36 | C23: m²
A24: Keliling dinding luar | B24: =2*(Volume!$B$6+Volume!$B$7) -> 24 | C24: m
A25: Panjang dinding total | B25: =Volume!$B$24+Volume!$B$9 -> 34.5 | C25: m
A26: Luas ampig (2 sisi pelana) | B26: =2*0.5*Volume!$B$6*(Volume!$B$6/2)*TAN(RADIANS(Volume!$B$13)) -> 10.392305 | C26: m²
A27: Luas dinding bata ringan bersih | B27: =Volume!$B$25*Volume!$B$8-Volume!$B$10+Volume!$B$26 -> 106.5023 | C27: m²
A28: Plester + acian (dua sisi; ampig hanya sisi luar) | B28: =2*(Volume!$B$25*Volume!$B$8-Volume!$B$10)+Volume!$B$26 -> 202.6123 | C28: m²
A29: Cat eksterior | B29: =Volume!$B$24*Volume!$B$8-Volume!$B$10*0.7+Volume!$B$26 -> 77.189305 | C29: m² | D29: Bukaan luar ±70% dari total bukaan
A30: Cat interior dinding | B30: =Volume!$B$28-Volume!$B$29 -> 125.423 | C30: m²
A31: Galian pondasi (lebar 0,9 × dalam 0,8) | B31: =Volume!$B$25*0.9*0.8 -> 24.84 | C31: m³
A32: Urugan pasir bawah pondasi 5 cm | B32: =Volume!$B$25*0.9*0.05 -> 1.5525 | C32: m³
A33: Pasangan batu kali (atas 0,3; bawah 0,7; tinggi 0,6) | B33: =Volume!$B$25*(0.3+0.7)/2*0.6 -> 10.35 | C33: m³
A34: Urugan tanah kembali | B34: =Volume!$B$31-Volume!$B$32-Volume!$B$33 -> 12.9375 | C34: m³
A35: Urugan pasir bawah lantai 10 cm | B35: =(Volume!$B$23+Volume!$B$16)*0.1 -> 4.05 | C35: m³
A36: Rabat beton lantai kerja 5 cm | B36: =(Volume!$B$23+Volume!$B$16)*0.05 -> 2.025 | C36: m³
A37: Sloof 15×20 | B37: =Volume!$B$25*0.15*0.2 -> 1.035 | C37: m³
A38: Kolom 15×15 | B38: =Volume!$B$15*0.15*0.15*Volume!$B$8 -> 0.864 | C38: m³
A39: Ring balok 12×15 | B39: =Volume!$B$25*0.12*0.15 -> 0.621 | C39: m³
A40: Balok latei 12×12 | B40: =(Volume!$B$11+0.2*Volume!$B$12)*0.12*0.12 -> 0.16272 | C40: m³
A41: Bingkai ampig 12×12 | B41: =2*2*(Volume!$B$6/2/COS(RADIANS(Volume!$B$13)))*0.12*0.12 -> 0.19953225 | C41: m³
A42: Luas atap miring | B42: =(Volume!$B$6+2*Volume!$B$14)*(Volume!$B$7+2*Volume!$B$14)/COS(RADIANS(Volume!$B$13)) -> 59.859676 | C42: m²
A43: Lisplang | B43: =2*(Volume!$B$7+2*Volume!$B$14)+4*((Volume!$B$6+2*Volume!$B$14)/2/COS(RADIANS(Volume!$B$13))) -> 31.027688 | C43: m'
A44: Lantai granit (ruang dalam, di luar KM) | B44: =Volume!$B$23-Volume!$B$20-Volume!$B$25*0.1 -> 29.55 | C44: m²
A45: Plint | B45: =2*Volume!$B$25-Volume!$B$12*0.8 -> 61 | C45: m'
A46: Plafon (rumah + teras) | B46: =Volume!$B$23+Volume!$B$16 -> 40.5 | C46: m²
A47: Pagar hollow di atas tembok bawah | B47: =(Volume!$B$18-Volume!$B$19)*1.2 -> 3.6 | C47: m² | D47: Tinggi infill 1,2 m
A48: Tembok pagar bawah + kolom | B48: =Volume!$B$18*0.6 -> 3.6 | C48: m² | D48: Tinggi 0,6 m
A49: Pintu pagar geser | B49: =Volume!$B$19*1.8 -> 5.4 | C49: m² | D49: Tinggi 1,8 m
A50: Panjang nok | B50: =Volume!$B$7+2*Volume!$B$14 -> 7.2 | C50: m'
A51: Cat interior (dinding + plafon) | B51: =Volume!$B$30+Volume!$B$46 -> 165.923 | C51: m²

Sheet Parameter
A1: PARAMETER — ubah nilai biru sesuai kebutuhan
A3: Parameter | B3: Nilai | C3: Keterangan
A4: Margin kontraktor (overhead + keuntungan) | B4: 0.15 | C4: Hanya untuk borongan: alat, transport, pengawasan, risiko, dan keuntungan kontraktor. Wajar 10–25%; di bawah 10% berisiko rugi bagi kontraktor.
A5: Dana cadangan — swakelola | B5: 0.1 | C5: Susut, salah beli, sewa alat, tukang lambat
A6: Dana cadangan — borongan | B6: 0.05 | C6: Sebagian risiko ditanggung kontraktor
A7: Ongkos kirim & bongkar bahan non-curah | B7: 0.03 | C7: ESTIMASI. Pasir/batu & pekerjaan terpasang sudah termasuk kirim
A8: Kontraktor PKP? (1 = ya, 0 = tidak) | B8: 0 | C8: Bila 1: PPN 11% atas nilai borongan
A9: Tarif PPN efektif | B9: 0.11 | C9: 12% × DPP 11/12
A10: PPN membangun sendiri (KMS) | B10: 0.022 | C10: Swakelola, hanya bila luas bangunan ≥ 200 m²
A11: Jumlah orang per tim | B11: 5 | C11: Untuk menghitung durasi. Acuan: rumah 1 lantai 5 orang, 2 lantai 8 orang
A14: KELAS PAKET — untuk kontrol harga per m²
A15: Kelas paket rumah ini | B15: Menengah | C15: Pilih: Sederhana / Menengah / Mewah
A16: Rentang harga pasar per m² untuk tiap kelas diatur di sheet Kontrol Harga.
